Date,s_pos,s_neg,s_neu,s_mean,s_std,s_min,s_max
2008-08-08,0.08287877,0.5139803,0.4031409,-0.43110156,0.41327316,-0.8984199,0.6591821
2008-08-11,0.16603933,0.32427052,0.50969017,-0.15823117,0.5170063,-0.93353117,0.9169272
2008-08-12,0.05535828,0.26874542,0.6758963,-0.21338715,0.3109909,-0.9586035,0.14177853
2008-08-13,0.08109604,0.399026,0.519878,-0.31792995,0.38130474,-0.89779353,0.3372566
2008-08-14,0.11566093,0.3828437,0.5014954,-0.2671828,0.4661536,-0.9449585,0.8610367
2008-08-15,0.087255366,0.44440114,0.4683435,-0.35714576,0.40650493,-0.9047103,0.8522093
2008-08-18,0.051442415,0.2882949,0.6602627,-0.23685251,0.3382565,-0.91296273,0.14119643
2008-08-19,0.05285491,0.50017214,0.446973,-0.4473172,0.4024923,-0.9035051,0.38443455
2008-08-20,0.111350425,0.31858698,0.5700626,-0.20723657,0.4382377,-0.8977087,0.69014883
2008-08-21,0.0729383,0.43331075,0.493751,-0.36037242,0.4108441,-0.946797,0.8944385
2008-08-22,0.11767693,0.36058632,0.5217368,-0.24290942,0.48829353,-0.9540734,0.83685017
2008-08-25,0.07516075,0.35942158,0.5654177,-0.28426084,0.40413618,-0.93560153,0.8799271
2008-08-26,0.11899457,0.39351425,0.48749116,-0.27451965,0.46972692,-0.8743418,0.9205002
2008-08-27,0.08848419,0.35733736,0.5541784,-0.26885316,0.41856357,-0.8797182,0.5568458
2008-08-28,0.21031761,0.33613718,0.4535453,-0.12581956,0.5839422,-0.88587254,0.87528545
2008-08-29,0.10605443,0.42279506,0.47115052,-0.31674063,0.48447186,-0.94456726,0.8666841
2008-09-02,0.17970209,0.4270919,0.39320603,-0.24738981,0.55792975,-0.9271866,0.83070576
2008-09-03,0.17406103,0.25700864,0.5689303,-0.08294763,0.4590543,-0.93971807,0.8837162
2008-09-04,0.123008005,0.3779199,0.49907207,-0.25491193,0.43655998,-0.9162489,0.8769787
2008-09-05,0.09488823,0.27836686,0.626745,-0.18347861,0.33606917,-0.89268947,0.6041218
2008-09-08,0.095344745,0.48217568,0.42247954,-0.38683093,0.39875105,-0.89342797,0.810538
2008-09-09,0.05248736,0.41704684,0.53046584,-0.36455947,0.37048787,-0.89018613,0.15412465
2008-09-10,0.0667277,0.38847587,0.54479647,-0.32174814,0.36875793,-0.89614725,0.18521012
2008-09-11,0.10081872,0.4193944,0.47978684,-0.31857574,0.45406085,-0.9181754,0.909106
2008-09-12,0.062411092,0.46381015,0.47377875,-0.40139908,0.38239434,-0.9294719,0.08342552
2008-09-15,0.1184529,0.33939174,0.5421554,-0.2209388,0.41626713,-0.91525686,0.8897847
2008-09-16,0.11715753,0.47714284,0.40569964,-0.35998526,0.45865172,-0.9036153,0.7780746
2008-09-17,0.08057299,0.45176584,0.46766117,-0.37119278,0.48713258,-0.9629267,0.8520831
2008-09-18,0.1701162,0.45646274,0.37342098,-0.28634655,0.55387974,-0.94933116,0.8725559
2008-09-19,0.05376193,0.47865355,0.4675845,-0.42489162,0.383783,-0.93168396,0.11454247
2008-09-22,0.1380839,0.4265644,0.43535167,-0.28848052,0.49494442,-0.9441067,0.74243754
2008-09-23,0.106505774,0.38095266,0.5125416,-0.27444685,0.45526925,-0.8852015,0.75621164
2008-09-24,0.055444203,0.49925965,0.44529617,-0.44381547,0.36237994,-0.9186339,0.1826393
2008-09-25,0.12937333,0.4073715,0.4632552,-0.27799812,0.50407577,-0.9283434,0.8768493
2008-09-26,0.11277863,0.38787404,0.49934733,-0.2750954,0.47391564,-0.923002,0.858161
2008-09-29,0.1160556,0.45751822,0.42642617,-0.34146264,0.44700006,-0.9062938,0.698507
2008-09-30,0.12308834,0.3713228,0.5055888,-0.2482345,0.46372312,-0.91459614,0.77462614
2008-10-01,0.07451601,0.45857146,0.46691254,-0.38405544,0.38376334,-0.9122139,0.33189613
2008-10-02,0.12560655,0.2159595,0.6584339,-0.090352975,0.38568482,-0.83605266,0.86747205
2008-10-03,0.06945907,0.3738991,0.5566418,-0.30444002,0.3436136,-0.86981875,0.18136643
2008-10-06,0.14641914,0.374604,0.4789769,-0.22818485,0.49433187,-0.9358135,0.8226737
2008-10-07,0.14900519,0.38006997,0.47092488,-0.23106475,0.52350014,-0.9528221,0.9058936
2008-10-08,0.072039865,0.4040593,0.52390087,-0.3320194,0.41379765,-0.9519248,0.43185985
2008-10-09,0.09449766,0.40250802,0.5029943,-0.3080104,0.42499465,-0.9558617,0.44910303
2008-10-10,0.076064914,0.49947685,0.42445824,-0.42341197,0.4371568,-0.9586628,0.7718169
2008-10-13,0.20246542,0.31505612,0.4824785,-0.11259069,0.50518525,-0.9335167,0.81425476
2008-10-14,0.06805579,0.33571434,0.5962299,-0.26765853,0.37762004,-0.9436647,0.28737843
2008-10-15,0.12896894,0.29218104,0.57885,-0.1632121,0.4446142,-0.9046389,0.68429166
2008-10-16,0.095740944,0.3211771,0.58308196,-0.2254362,0.41271424,-0.94981474,0.79085094
2008-10-17,0.17701524,0.38605803,0.43692672,-0.20904282,0.56235087,-0.9267875,0.8649715
2008-10-20,0.078852735,0.38433552,0.53681177,-0.30548277,0.38763604,-0.9287666,0.4078725
2008-10-21,0.099492505,0.3931229,0.5073846,-0.29363036,0.4038938,-0.9200006,0.6114512
2008-10-22,0.08301067,0.4592544,0.4577349,-0.37624374,0.46976015,-0.9630536,0.785911
2008-10-23,0.045602106,0.505081,0.4493169,-0.4594789,0.38636416,-0.9526059,0.13829091
2008-10-24,0.0630723,0.6309612,0.3059665,-0.56788886,0.40275535,-0.94806635,0.36197603
2008-10-27,0.10750763,0.37467667,0.5178157,-0.26716903,0.405434,-0.9327445,0.4749105
2008-10-28,0.056441016,0.4847454,0.45881364,-0.42830437,0.40775743,-0.9501914,0.16546714
2008-10-29,0.09266658,0.40556327,0.50177014,-0.3128967,0.43957454,-0.9467539,0.6990721
2008-10-30,0.10621496,0.4929074,0.40087765,-0.38669246,0.46986818,-0.9205884,0.68429637
2008-10-31,0.07623687,0.45859742,0.46516573,-0.38236058,0.3803584,-0.92287314,0.4534672
2008-11-03,0.048968956,0.51447725,0.43655384,-0.46550822,0.3675581,-0.92834634,0.24388896
2008-11-04,0.12648332,0.42460567,0.44891098,-0.2981224,0.48437643,-0.9327801,0.7525424
2008-11-05,0.10342949,0.40808746,0.488483,-0.30465797,0.47565427,-0.94909,0.87310314
2008-11-06,0.13745926,0.40645275,0.45608804,-0.26899347,0.48503205,-0.88444376,0.9126615
2008-11-07,0.10633893,0.4163406,0.4773205,-0.31000167,0.44508094,-0.8501591,0.82029635
2008-11-10,0.072158046,0.37414828,0.5536936,-0.30199027,0.3456132,-0.8201004,0.18752651
2008-11-11,0.0652453,0.4718998,0.4628549,-0.40665448,0.37427574,-0.9515984,0.3134069
2008-11-12,0.06385451,0.4504364,0.48570907,-0.38658193,0.39020926,-0.96348524,0.1996095
2008-11-13,0.07955491,0.47313088,0.44731423,-0.39357594,0.4361124,-0.9598199,0.25617063
2008-11-14,0.05457567,0.44519293,0.5002314,-0.39061728,0.3805471,-0.93208104,0.31550038
2008-11-17,0.054037824,0.48191884,0.46404335,-0.427881,0.39216506,-0.908387,0.13449226
2008-11-18,0.057344016,0.3962525,0.5464035,-0.33890846,0.3377317,-0.8617729,0.21881394
2008-11-19,0.18418585,0.3600411,0.455773,-0.17585525,0.5214273,-0.8925337,0.9294222
2008-11-20,0.09206228,0.42629457,0.48164317,-0.3342323,0.41328654,-0.9529121,0.38610482
2008-11-21,0.07485019,0.4765351,0.4486147,-0.4016849,0.38688615,-0.92429185,0.47933784
2008-11-24,0.075542375,0.47770515,0.44675246,-0.4021628,0.43451422,-0.96366054,0.4276382
2008-11-25,0.07628162,0.4260544,0.49766394,-0.3497728,0.37036344,-0.8501912,0.5369154
2008-11-26,0.0712488,0.45725453,0.4714967,-0.3860057,0.40667832,-0.9471791,0.36793557
2008-11-28,0.06539448,0.37033284,0.5642727,-0.30493835,0.3548619,-0.878016,0.2696145
2008-12-01,0.06825417,0.5090088,0.42273697,-0.4407547,0.4225534,-0.9387858,0.6826626
2008-12-02,0.10183967,0.3618807,0.53627974,-0.260041,0.4211245,-0.8765553,0.90038776
2008-12-03,0.06514449,0.3175945,0.617261,-0.25245005,0.3400221,-0.9177529,0.17446966
2008-12-04,0.057688374,0.45322117,0.48909047,-0.3955328,0.35197398,-0.96050644,0.06738956
2008-12-05,0.063567735,0.4617725,0.47465974,-0.39820477,0.3523138,-0.8671056,0.17999034
2008-12-08,0.09847992,0.39948118,0.50203896,-0.3010012,0.4500278,-0.95572233,0.91242003
2008-12-09,0.07202972,0.56296116,0.36500913,-0.49093142,0.3793615,-0.9551531,0.09510511
2008-12-10,0.049465314,0.4653691,0.4851655,-0.4159038,0.37804905,-0.9439049,0.16855939
2008-12-11,0.059405953,0.4714042,0.46918988,-0.41199824,0.4000876,-0.9558134,0.5299364
2008-12-12,0.046288017,0.5260082,0.42770386,-0.47972012,0.307714,-0.86286336,-0.011209045
2008-12-15,0.051449277,0.37343356,0.5751172,-0.32198426,0.33794427,-0.9156668,0.27760676
2008-12-16,0.12124669,0.392633,0.48612037,-0.27138627,0.42434454,-0.8991263,0.7101941
2008-12-17,0.12540594,0.34266376,0.5319303,-0.21725783,0.46030316,-0.9182427,0.7016648
2008-12-18,0.051809605,0.4430489,0.5051415,-0.39123932,0.38761643,-0.95102805,0.15683201
2008-12-19,0.07704662,0.48606727,0.43688613,-0.4090207,0.39391524,-0.9370283,0.45007238
2008-12-22,0.07063994,0.5500081,0.37935197,-0.47936812,0.4346775,-0.9393314,0.8097463
2008-12-23,0.17447862,0.32669026,0.4988311,-0.15221165,0.49698192,-0.94561523,0.9098131
2008-12-24,0.08972337,0.27930644,0.6309702,-0.18958303,0.29870433,-0.8157893,0.21176131
2008-12-26,0.054120168,0.40227765,0.5436022,-0.34815747,0.3855193,-0.93733543,0.27645883
2008-12-29,0.05399285,0.51549757,0.4305096,-0.4615047,0.35836956,-0.9104156,0.20937277
2008-12-30,0.0517808,0.382399,0.5658202,-0.33061817,0.3756228,-0.94175494,0.33291453
2008-12-31,0.046119574,0.46350726,0.4903732,-0.4173877,0.38417765,-0.9469681,0.10123047
2009-01-02,0.07736717,0.4107873,0.5118455,-0.33342016,0.36949977,-0.8891964,0.42968205
2009-01-05,0.07051968,0.5801715,0.3493088,-0.5096519,0.38747358,-0.9610237,0.4050923
2009-01-06,0.0748894,0.45748535,0.46762523,-0.382596,0.45163342,-0.9603607,0.7278352
2009-01-07,0.06187706,0.47902858,0.45909432,-0.41715154,0.3617581,-0.92691123,0.098281175
2009-01-08,0.075615,0.46584088,0.45854414,-0.39022592,0.37623563,-0.91341776,0.22063613
2009-01-09,0.1390079,0.28820765,0.5727844,-0.14919977,0.4361964,-0.8628129,0.83944213
2009-01-12,0.08268036,0.35389596,0.5634237,-0.2712156,0.37991488,-0.8979577,0.6609606
2009-01-13,0.08656423,0.45222756,0.4612082,-0.36566335,0.41996956,-0.8927928,0.91480976
2009-01-14,0.051333312,0.6328102,0.31585652,-0.58147687,0.35694167,-0.9127044,0.25834286
2009-01-15,0.078033574,0.4270379,0.4949286,-0.34900424,0.39124456,-0.9007995,0.62724775
2009-01-16,0.0610732,0.60462904,0.33429775,-0.54355586,0.35184392,-0.93069667,0.660156
2009-01-20,0.08084562,0.49670774,0.42244667,-0.4158621,0.3914199,-0.9081949,0.75885797
2009-01-21,0.07304872,0.35782477,0.5691264,-0.2847761,0.36908913,-0.86875767,0.19832216
2009-01-22,0.06121565,0.4632769,0.47550747,-0.40206122,0.35990262,-0.9557292,0.40956166
2009-01-23,0.05976857,0.5186312,0.4216002,-0.4588627,0.3929146,-0.918243,0.26212925
2009-01-26,0.086073264,0.40522233,0.5087044,-0.319149,0.36265737,-0.90869004,0.50417084
2009-01-27,0.10381332,0.53958505,0.35660163,-0.4357717,0.47531617,-0.9222868,0.9319241
2009-01-28,0.11202795,0.40518075,0.4827913,-0.29315278,0.4848482,-0.93472093,0.7021942
2009-01-29,0.092713416,0.35716966,0.5501169,-0.2644563,0.39349523,-0.84689033,0.74488634
2009-01-30,0.0809523,0.39558196,0.52346575,-0.3146297,0.40693718,-0.91385794,0.77983654
2009-02-02,0.082913525,0.4289238,0.48816264,-0.34601033,0.44696978,-0.94563377,0.74515396
2009-02-03,0.07961586,0.4272842,0.4931,-0.3476683,0.3772847,-0.92539114,0.4056508
2009-02-04,0.104728915,0.39326748,0.5020036,-0.28853855,0.43801552,-0.9156297,0.6345494
2009-02-05,0.07487993,0.45017374,0.47494638,-0.37529382,0.39085236,-0.90241104,0.22065435
2009-02-06,0.10570185,0.36539418,0.528904,-0.2596923,0.44686428,-0.94771767,0.821054
2009-02-09,0.048337914,0.39463943,0.5570227,-0.3463015,0.35594076,-0.9158725,0.09766508
2009-02-10,0.08970796,0.3766373,0.5336547,-0.2869293,0.3993519,-0.83806425,0.8344621
2009-02-11,0.09699419,0.48785684,0.415149,-0.3908626,0.45980114,-0.91953856,0.64167273
2009-02-12,0.09093605,0.36363128,0.5454326,-0.27269524,0.39196807,-0.85889727,0.40309617
2009-02-13,0.08992611,0.35584363,0.55423033,-0.26591748,0.43146974,-0.9422722,0.69030935
2009-02-17,0.06717596,0.4763922,0.4564318,-0.40921628,0.3837491,-0.94249696,0.32884288
2009-02-18,0.047255617,0.48510593,0.46763843,-0.4378503,0.34400257,-0.94868743,0.02049017
2009-02-19,0.18217602,0.35917473,0.45864922,-0.1769987,0.5107241,-0.9074191,0.82127404
2009-02-20,0.09499231,0.35314575,0.551862,-0.25815344,0.41603178,-0.94955206,0.7221777
2009-02-23,0.09037501,0.46837804,0.44124696,-0.378003,0.47137845,-0.93922603,0.9128459
2009-02-24,0.13851073,0.37565324,0.48583603,-0.23714249,0.46850505,-0.95971024,0.91133124
2009-02-25,0.055769075,0.49704993,0.44718093,-0.4412809,0.29920334,-0.9410098,0.043690138
2009-02-26,0.123199314,0.3925302,0.4842705,-0.26933086,0.47929266,-0.9643739,0.8796786
2009-02-27,0.08998936,0.42536515,0.4846455,-0.3353758,0.40307105,-0.8749444,0.8063624
2009-03-02,0.1258381,0.28038594,0.5937759,-0.15454784,0.41491416,-0.92378604,0.7011593
2009-03-03,0.05892357,0.3582489,0.5828275,-0.29932535,0.3522185,-0.91174376,0.13356692
2009-03-04,0.057360224,0.50155663,0.44108313,-0.44419634,0.3709363,-0.956791,0.20090143
2009-03-05,0.078274414,0.50536287,0.41636267,-0.42708847,0.45038474,-0.95041966,0.5150237
2009-03-06,0.10457261,0.48176464,0.41366273,-0.37719208,0.46883225,-0.9242659,0.86842567
2009-03-09,0.08036771,0.46106192,0.45857033,-0.38069424,0.38921472,-0.93439835,0.40640432
2009-03-10,0.112066776,0.4154532,0.47248,-0.30338645,0.46519336,-0.9047317,0.88903177
2009-03-11,0.049076166,0.48687482,0.46404898,-0.43779865,0.35840234,-0.94640285,0.13080163
2009-03-12,0.05236694,0.3921215,0.55551153,-0.33975455,0.33407438,-0.8812248,0.12691173
2009-03-13,0.09012285,0.39072594,0.5191513,-0.30060306,0.46146554,-0.92450666,0.86626387
2009-03-16,0.11893527,0.455851,0.4252137,-0.33691573,0.5171455,-0.9607832,0.8326328
2009-03-17,0.12893529,0.42550206,0.44556266,-0.29656675,0.4413956,-0.8740395,0.74238
2009-03-18,0.052346483,0.4268052,0.52084833,-0.3744587,0.3441106,-0.94097924,0.09519991
2009-03-19,0.0789215,0.40538907,0.5156895,-0.32646754,0.38586384,-0.89413816,0.8331472
2009-03-20,0.07079325,0.48261386,0.4465929,-0.4118206,0.36882055,-0.93485576,0.15279427
2009-03-23,0.09727866,0.37936392,0.52335745,-0.28208524,0.39022127,-0.9095987,0.5048207
2009-03-24,0.07808497,0.45083484,0.4710802,-0.3727499,0.45816672,-0.95285124,0.877067
2009-03-25,0.07730005,0.57009524,0.35260472,-0.49279517,0.42774242,-0.9497009,0.58138263
2009-03-26,0.09714627,0.45089898,0.4519548,-0.35375264,0.46184754,-0.8667379,0.6361834
2009-03-27,0.08787052,0.4504809,0.46164855,-0.3626104,0.45889422,-0.93389946,0.698201
2009-03-30,0.06221565,0.366813,0.57097137,-0.3045974,0.36122552,-0.914405,0.16317292
2009-03-31,0.04831594,0.40584424,0.54583985,-0.3575283,0.36654395,-0.95878977,0.15723532
2009-04-01,0.097740434,0.29978168,0.6024779,-0.20204124,0.38355085,-0.8996855,0.6295636
2009-04-02,0.056113176,0.51555896,0.42832792,-0.4594458,0.38531837,-0.93102753,0.2832452
2009-04-03,0.05221569,0.40053412,0.54725015,-0.3483185,0.3522281,-0.88095,0.16973507
2009-04-06,0.050344933,0.5281123,0.42154276,-0.4777674,0.36501294,-0.929522,0.050320894
2009-04-07,0.041612897,0.49689826,0.46148884,-0.45528534,0.33114916,-0.89181787,0.039060153
2009-04-08,0.10611823,0.4091607,0.48472106,-0.30304247,0.43291315,-0.91254205,0.52949965
2009-04-09,0.03913563,0.54246974,0.41839465,-0.5033341,0.29832622,-0.9106841,0.0315807
2009-04-13,0.08126779,0.47673622,0.441996,-0.39546844,0.43160954,-0.9235469,0.6475162
2009-04-14,0.09243014,0.389887,0.51768285,-0.29745686,0.41969863,-0.8959132,0.37407506
2009-04-15,0.043729506,0.4942794,0.46199113,-0.4505499,0.34580782,-0.9133142,0.061745837
2009-04-16,0.061396193,0.56005514,0.37854865,-0.49865896,0.40953174,-0.91687024,0.4252399
2009-04-17,0.116413705,0.43407848,0.4495078,-0.31766483,0.4290959,-0.88697,0.85584056
2009-04-20,0.07180498,0.43726432,0.4909307,-0.36545935,0.37183413,-0.9417204,0.3068655
2009-04-21,0.0652885,0.36920086,0.56551063,-0.30391234,0.3652966,-0.9126603,0.2580124
2009-04-22,0.084772795,0.27152577,0.6437015,-0.18675295,0.35377035,-0.8275676,0.38220853
2009-04-23,0.1245384,0.3817505,0.49371117,-0.25721207,0.4560943,-0.9228223,0.757082
2009-04-24,0.13510743,0.39740428,0.4674883,-0.26229683,0.4558358,-0.88667685,0.7943974
2009-04-27,0.096450604,0.26176208,0.6417873,-0.16531149,0.3744762,-0.9023176,0.61223835
2009-04-28,0.050519824,0.5005074,0.44897273,-0.44998765,0.3689117,-0.96414083,0.25156605
2009-04-29,0.08684217,0.29422894,0.61892885,-0.20738678,0.38884693,-0.9162026,0.6825602
2009-04-30,0.055537432,0.5500581,0.39440444,-0.4945207,0.41684312,-0.9545935,0.49107167
2009-05-01,0.12986004,0.27557096,0.59456897,-0.14571093,0.40828633,-0.8628715,0.803444
2009-05-04,0.105285265,0.44614246,0.44857228,-0.3408572,0.4725406,-0.92993915,0.6219687
2009-05-05,0.08069107,0.51833475,0.40097418,-0.43764365,0.42854583,-0.9512538,0.57573855
2009-05-06,0.07257694,0.46989673,0.45752636,-0.39731976,0.40671554,-0.9323853,0.6421954
2009-05-07,0.16676766,0.37449744,0.4587349,-0.20772976,0.52288055,-0.9311484,0.9336974
2009-05-08,0.08907828,0.3975292,0.5133925,-0.30845097,0.44485733,-0.9467771,0.85476583
2009-05-11,0.12961969,0.3150034,0.5553769,-0.1853837,0.4287242,-0.8529676,0.8782495
2009-05-12,0.10472044,0.4017386,0.49354088,-0.29701823,0.41042346,-0.879252,0.6772982
2009-05-13,0.05591718,0.505191,0.4388918,-0.44927388,0.374853,-0.9261134,0.4729646
2009-05-14,0.063885644,0.52867675,0.4074376,-0.46479115,0.40184024,-0.9610288,0.06728025
2009-05-15,0.081032775,0.38249552,0.5364717,-0.30146277,0.41646028,-0.9605429,0.5407171
2009-05-18,0.068736605,0.5080602,0.42320323,-0.4393236,0.35256177,-0.94034016,0.21265653
2009-05-19,0.16691212,0.38519374,0.44789413,-0.21828161,0.50192297,-0.9408987,0.90345764
2009-05-20,0.09085696,0.6604481,0.24869502,-0.56959105,0.45525402,-0.95351535,0.8173259
2009-05-21,0.08365972,0.48352894,0.43281132,-0.39986923,0.46771505,-0.91370285,0.6189611
2009-05-22,0.068556145,0.4681835,0.46326035,-0.39962733,0.41009596,-0.9461954,0.53788686
2009-05-26,0.11045136,0.4474979,0.44205078,-0.33704653,0.47484523,-0.95523036,0.6724333
2009-05-27,0.1144866,0.4334967,0.45201668,-0.31901014,0.4850743,-0.8760946,0.9279209
2009-05-28,0.16205953,0.28278834,0.5551521,-0.12072882,0.40869415,-0.904171,0.6313002
2009-05-29,0.10398574,0.43634567,0.45966858,-0.33235997,0.42853385,-0.9494581,0.8017705
2009-06-01,0.10647638,0.31354654,0.5799771,-0.20707014,0.4289722,-0.9348302,0.5400466
2009-06-02,0.10094816,0.3001492,0.5989026,-0.19920106,0.40777794,-0.9222814,0.7018281
2009-06-03,0.09289346,0.40414745,0.50295913,-0.31125394,0.4086672,-0.90996313,0.3954223
2009-06-04,0.05042644,0.41039455,0.539179,-0.35996807,0.39624172,-0.9310063,0.23037602
2009-06-05,0.11047881,0.34602082,0.5435004,-0.235542,0.42107463,-0.9385927,0.6750368
2009-06-08,0.091130525,0.45243412,0.45643538,-0.36130357,0.46316123,-0.9518278,0.88370526
2009-06-09,0.08811218,0.48767054,0.4242173,-0.39955842,0.42850572,-0.95098275,0.72319615
2009-06-10,0.108566254,0.3460407,0.54539305,-0.2374744,0.4589207,-0.95146,0.75476307
2009-06-11,0.13127495,0.3376254,0.5310996,-0.20635046,0.45690602,-0.8700688,0.901921
2009-06-12,0.13286154,0.3145413,0.55259717,-0.18167977,0.45057744,-0.85889137,0.6992071
2009-06-15,0.040587857,0.47036508,0.48904705,-0.42977718,0.36299753,-0.9307938,0.061142832
2009-06-16,0.090614654,0.34562358,0.5637618,-0.25500894,0.42379457,-0.95083505,0.66659504
2009-06-17,0.06678541,0.32226744,0.61094713,-0.25548208,0.35326827,-0.8756818,0.5141468
2009-06-18,0.050271183,0.39677006,0.5529588,-0.34649888,0.3779893,-0.91870296,0.18743014
2009-06-19,0.09282361,0.35467118,0.55250525,-0.2618476,0.37610605,-0.8930683,0.37559313
2009-06-22,0.059874095,0.39758652,0.54253936,-0.3377124,0.37918168,-0.91422015,0.17687204
2009-06-23,0.039783467,0.5470341,0.4131824,-0.50725067,0.3537842,-0.92607194,0.03516081
2009-06-24,0.07122141,0.5125391,0.41623956,-0.44131765,0.43739432,-0.9522696,0.7852974
2009-06-25,0.10943768,0.31206644,0.5784959,-0.20262876,0.44428894,-0.87724566,0.88105494
2009-06-26,0.10000524,0.29720795,0.60278684,-0.19720273,0.38924536,-0.89757615,0.59563667
2009-06-29,0.06680713,0.5286252,0.4045677,-0.46181804,0.369819,-0.91367614,0.34828985
2009-06-30,0.04715684,0.5314645,0.42137864,-0.48430768,0.37710953,-0.919132,0.14957224
2009-07-01,0.08132165,0.33630946,0.58236885,-0.25498784,0.36790946,-0.89812416,0.7492331
2009-07-02,0.06035837,0.40295973,0.5366819,-0.34260136,0.36134696,-0.88053834,0.35563746
2009-07-06,0.08174174,0.47056916,0.4476891,-0.38882744,0.44569597,-0.92872536,0.6283065
2009-07-07,0.03989043,0.4654056,0.49470395,-0.42551517,0.3558642,-0.9148214,0.106086135
2009-07-08,0.11001317,0.41933808,0.47064877,-0.3093249,0.48393524,-0.92938924,0.86857885
2009-07-09,0.044492044,0.4222318,0.5332762,-0.37773973,0.31590185,-0.8807794,0.06876557
2009-07-10,0.03536211,0.5138075,0.45083043,-0.47844535,0.34076792,-0.93453765,0.058108244
2009-07-13,0.05657845,0.36847278,0.5749488,-0.31189433,0.3545276,-0.9463649,0.29975033
2009-07-14,0.083338045,0.38596874,0.53069323,-0.30263066,0.404527,-0.91249603,0.4983934
2009-07-15,0.14123607,0.4399346,0.41882935,-0.29869854,0.49272722,-0.9212751,0.808074
2009-07-16,0.0659565,0.36832684,0.5657167,-0.3023703,0.3430148,-0.84972477,0.28018653
2009-07-17,0.066079386,0.4663437,0.4675769,-0.40026432,0.34857213,-0.91057366,0.19184287
2009-07-20,0.08517053,0.52758354,0.38724595,-0.44241303,0.46325216,-0.92798245,0.9092107
2009-07-21,0.09117242,0.4300419,0.4787856,-0.33886954,0.41446593,-0.8905381,0.4379838
2009-07-22,0.04378373,0.40846622,0.54775,-0.36468256,0.37984166,-0.93812007,0.101601005
2009-07-23,0.07485336,0.41760278,0.5075439,-0.34274936,0.34555247,-0.9349241,0.19149154
2009-07-24,0.08035585,0.3397615,0.5798826,-0.25940564,0.36469913,-0.89096564,0.6199783
2009-07-27,0.078707844,0.47566247,0.4456297,-0.39695466,0.41088825,-0.9401488,0.89593077
2009-07-28,0.05289041,0.5129273,0.43418232,-0.46003687,0.4010864,-0.90431803,0.3385599
2009-07-29,0.06323395,0.5932658,0.3435003,-0.5300318,0.3712532,-0.9537968,0.4096593
2009-07-30,0.072332904,0.38999635,0.53767073,-0.31766346,0.43118873,-0.94270647,0.5079096
2009-07-31,0.09958215,0.39620948,0.5042083,-0.29662734,0.3889696,-0.9262285,0.7063139
2009-08-03,0.06996592,0.51792556,0.4121085,-0.44795966,0.42294645,-0.9086212,0.6967951
2009-08-04,0.06584239,0.49731347,0.43684417,-0.43147102,0.4256921,-0.9397529,0.4074073
2009-08-05,0.09493565,0.45634088,0.4487235,-0.36140522,0.40295562,-0.9428912,0.47799215
2009-08-06,0.10575663,0.39649856,0.4977448,-0.29074192,0.45514408,-0.94743276,0.8469097
2009-08-07,0.07224512,0.5173084,0.41044647,-0.4450633,0.40435204,-0.9309154,0.6114189
2009-08-10,0.0718367,0.5429604,0.38520285,-0.47112373,0.42997774,-0.94016254,0.84326977
2009-08-11,0.13915661,0.49042892,0.37041444,-0.35127234,0.51437235,-0.94177496,0.86859256
2009-08-12,0.2113681,0.2655928,0.52303904,-0.054224707,0.46980688,-0.9212975,0.868624
2009-08-13,0.084977515,0.44563735,0.46938512,-0.36065987,0.45100328,-0.9272591,0.61752355
2009-08-14,0.09919072,0.4351715,0.46563774,-0.33598083,0.4070546,-0.9079369,0.43948233
2009-08-17,0.067916036,0.41079772,0.5212862,-0.34288174,0.40139866,-0.940018,0.5293916
2009-08-18,0.056399226,0.511386,0.43221486,-0.45498672,0.40621597,-0.9292124,0.17322929
2009-08-19,0.09405496,0.323867,0.58207804,-0.22981203,0.35764843,-0.9174123,0.78745806
2009-08-20,0.06259589,0.34193993,0.59546417,-0.27934402,0.36677307,-0.928889,0.25873977
2009-08-21,0.054077353,0.55410457,0.39181802,-0.50002724,0.35792267,-0.9600092,0.4944898
2009-08-24,0.061291557,0.44064578,0.49806264,-0.3793542,0.36989954,-0.9179967,0.38284045
2009-08-25,0.067484595,0.37776366,0.55475175,-0.31027907,0.38144827,-0.9086977,0.24273333
2009-08-26,0.10243192,0.41689342,0.4806746,-0.31446153,0.41710153,-0.8432626,0.71918386
2009-08-27,0.11733791,0.45164737,0.43101472,-0.33430946,0.4933977,-0.94984925,0.8804468
2009-08-28,0.04962869,0.47972676,0.47064456,-0.43009803,0.35983476,-0.9425135,0.15335351
2009-08-31,0.07067901,0.42815587,0.50116515,-0.3574768,0.3575205,-0.8847165,0.32833853
2009-09-01,0.120114304,0.39755172,0.48233402,-0.27743742,0.48613212,-0.92575914,0.9008128
2009-09-02,0.10822424,0.3687928,0.52298295,-0.26056853,0.46427304,-0.91372937,0.6970081
2009-09-03,0.09956607,0.5721547,0.32827926,-0.47258863,0.47711372,-0.94398683,0.64774215
2009-09-04,0.08491229,0.52764356,0.3874442,-0.44273126,0.46014714,-0.930523,0.6696224
2009-09-08,0.20785637,0.3213953,0.47074836,-0.11353892,0.544298,-0.9057764,0.8979521
2009-09-09,0.07406875,0.3881663,0.5377649,-0.31409758,0.39956203,-0.9339874,0.25078994
2009-09-10,0.121188946,0.32803836,0.5507727,-0.20684943,0.46628886,-0.91622657,0.75013316
2009-09-11,0.11531227,0.4392779,0.44540986,-0.3239656,0.4623741,-0.89119816,0.7933144
2009-09-14,0.15114287,0.36754012,0.481317,-0.21639727,0.5239847,-0.8958122,0.87964994
2009-09-15,0.12000641,0.48178425,0.39820936,-0.36177787,0.48046008,-0.9495069,0.90846705
2009-09-16,0.10766207,0.4966961,0.39564177,-0.3890341,0.46803707,-0.9097855,0.75337195
2009-09-17,0.098394744,0.33074787,0.5708574,-0.23235312,0.4163043,-0.8656105,0.85739714
2009-09-18,0.060799297,0.43454292,0.5046578,-0.3737436,0.39877173,-0.94089746,0.25533238
2009-09-21,0.066825606,0.3965247,0.53664976,-0.32969907,0.3810139,-0.91428334,0.4417293
2009-09-22,0.11130315,0.29231083,0.596386,-0.18100771,0.39400908,-0.9182118,0.73724806
2009-09-23,0.13157624,0.45964932,0.40877447,-0.32807308,0.5215651,-0.9654692,0.86783326
2009-09-24,0.08219449,0.48021233,0.43759322,-0.3980178,0.4167765,-0.9214295,0.8712972
2009-09-25,0.097143784,0.38875207,0.5141042,-0.29160827,0.4141557,-0.93531215,0.40316737
2009-09-28,0.109158374,0.40589553,0.4849461,-0.29673716,0.45037538,-0.93064004,0.76713866
2009-09-29,0.12458846,0.43486995,0.44054163,-0.3102815,0.4444884,-0.90256596,0.86219895
2009-09-30,0.10186849,0.42367953,0.474452,-0.32181108,0.46473292,-0.90518403,0.84229535
2009-10-01,0.09418644,0.40479103,0.5010226,-0.31060457,0.40040705,-0.8903442,0.7001832
2009-10-02,0.050177027,0.45133972,0.49848324,-0.40116268,0.39350745,-0.95445794,0.08572745
2009-10-05,0.1821701,0.41088757,0.40694237,-0.2287175,0.5759909,-0.92707634,0.87329435
2009-10-06,0.10122019,0.37113526,0.5276445,-0.26991507,0.43793648,-0.94655883,0.48180753
2009-10-07,0.11522822,0.52047825,0.36429352,-0.40525,0.46515256,-0.91887385,0.86854804
2009-10-08,0.19249348,0.44350192,0.36400458,-0.25100842,0.6055169,-0.9331861,0.8357684
2009-10-09,0.13085172,0.3942244,0.47492394,-0.26337266,0.4868425,-0.905865,0.91372854
2009-10-12,0.091656215,0.39567977,0.512664,-0.30402356,0.44885573,-0.9520567,0.75656784
2009-10-13,0.1113757,0.40942833,0.47919598,-0.29805264,0.50166476,-0.94615984,0.8471281
2009-10-14,0.05841141,0.43412614,0.5074624,-0.37571475,0.41366082,-0.94663274,0.15766132
2009-10-15,0.12477272,0.4017559,0.47347134,-0.27698317,0.4573799,-0.95435476,0.44079405
2009-10-16,0.09291861,0.41969073,0.48739064,-0.32677212,0.40571666,-0.9279804,0.88470507
2009-10-19,0.086314335,0.445355,0.46833068,-0.35904068,0.42601335,-0.9240162,0.5641289
2009-10-20,0.07564781,0.3946431,0.5297091,-0.3189953,0.38478053,-0.8314407,0.21973953
2009-10-21,0.16895886,0.35457376,0.4764674,-0.18561488,0.50723875,-0.94142073,0.90519005
2009-10-22,0.07273379,0.4302763,0.4969899,-0.35754248,0.4118865,-0.94600797,0.38653183
2009-10-23,0.11642484,0.49932167,0.3842535,-0.38289678,0.49825427,-0.947939,0.8648616
2009-10-26,0.07220963,0.5057024,0.42208803,-0.43349275,0.40222076,-0.9430211,0.68194175
2009-10-27,0.09096794,0.39381614,0.5152158,-0.30284822,0.39954296,-0.85781264,0.8578289
2009-10-28,0.07251422,0.41885442,0.50863135,-0.34634018,0.3729294,-0.92253035,0.5603455
2009-10-29,0.13353929,0.43695977,0.42950097,-0.30342048,0.5399178,-0.9538289,0.83537436
2009-10-30,0.06220833,0.5199007,0.41789097,-0.45769238,0.4180187,-0.9190967,0.2941306
2009-11-02,0.13970946,0.29017338,0.5701172,-0.15046392,0.45336992,-0.9466432,0.9034505
2009-11-03,0.060513463,0.4500697,0.4894168,-0.38955623,0.36588836,-0.9391422,0.17595172
2009-11-04,0.104092635,0.38771006,0.5081973,-0.2836174,0.43084988,-0.87916464,0.73407197
2009-11-05,0.0630041,0.45101273,0.4859832,-0.38800862,0.40533242,-0.95165664,0.35194904
2009-11-06,0.14125651,0.42442334,0.43432018,-0.2831668,0.5092101,-0.9209292,0.9250519
2009-11-09,0.067973845,0.44513008,0.4868961,-0.37715623,0.38372657,-0.93747526,0.27927288
2009-11-10,0.086263925,0.45904556,0.45469052,-0.37278163,0.44687918,-0.94238484,0.58856326
2009-11-11,0.08506146,0.5083403,0.40659827,-0.42327884,0.40920493,-0.93470097,0.30037707
2009-11-12,0.055808816,0.38817132,0.55601984,-0.33236256,0.39947492,-0.9209365,0.17999288
2009-11-13,0.0902555,0.45392907,0.45581543,-0.36367357,0.44533744,-0.8730187,0.87618595
2009-11-16,0.056382645,0.35507745,0.5885399,-0.2986948,0.35495803,-0.8898851,0.17482656
2009-11-17,0.091927424,0.41548753,0.49258503,-0.32356015,0.43564665,-0.9424815,0.7026413
2009-11-18,0.056652557,0.38616997,0.5571775,-0.3295174,0.34268874,-0.9380921,0.37596548
2009-11-19,0.04029473,0.42577052,0.5339348,-0.38547575,0.36104798,-0.91563845,0.07890127
2009-11-20,0.086889066,0.3873963,0.5257146,-0.3005073,0.45458913,-0.9216498,0.8375232
2009-11-23,0.060425088,0.50900376,0.4305711,-0.4485787,0.43530107,-0.93605644,0.5167018
2009-11-24,0.073872775,0.3836412,0.542486,-0.30976844,0.3862271,-0.91086024,0.62232625
2009-11-25,0.06780633,0.4919461,0.44024754,-0.4241398,0.40633643,-0.9430885,0.537616
2009-11-27,0.09573153,0.4427861,0.4614824,-0.34705457,0.43386734,-0.89302003,0.54012954
2009-11-30,0.13119133,0.5401213,0.32868737,-0.40893,0.51751065,-0.9336093,0.858384
2009-12-01,0.05024592,0.6066638,0.3430903,-0.5564179,0.36517206,-0.92461646,0.15420818
2009-12-02,0.12249026,0.436024,0.44148576,-0.31353372,0.45041808,-0.8951223,0.90539414
2009-12-03,0.06643753,0.4441042,0.48945826,-0.3776667,0.40413827,-0.9298776,0.12998562
2009-12-04,0.071466915,0.4681913,0.4603418,-0.39672434,0.39470536,-0.8782531,0.75408703
2009-12-07,0.054355793,0.50691766,0.43872654,-0.4525619,0.39704257,-0.95255166,0.17013156
2009-12-08,0.07089219,0.35918042,0.5699274,-0.2882882,0.3717287,-0.87583023,0.23860201
2009-12-09,0.10618325,0.28735694,0.6064598,-0.18117368,0.45973894,-0.91315335,0.7237533
2009-12-10,0.08366779,0.5055165,0.41081566,-0.42184868,0.44814748,-0.91784793,0.72660726
2009-12-11,0.076312214,0.33814237,0.5855454,-0.26183015,0.3325999,-0.8453021,0.26736817
2009-12-14,0.05482084,0.5051392,0.4400399,-0.45031843,0.36203477,-0.9150272,0.29303232
2009-12-15,0.08139416,0.5413424,0.3772635,-0.45994815,0.4611832,-0.93474734,0.9090427
2009-12-16,0.17545006,0.37326255,0.4512874,-0.19781248,0.5066171,-0.9116945,0.9227709
2009-12-17,0.055518646,0.40795994,0.53652143,-0.35244134,0.33969584,-0.94136316,0.2963671
2009-12-18,0.0798739,0.46628982,0.45383626,-0.386416,0.41898775,-0.95322585,0.34715128
2009-12-21,0.13743624,0.4163118,0.44625196,-0.2788756,0.5195672,-0.92774296,0.86897963
2009-12-22,0.08109767,0.43927372,0.4796286,-0.35817608,0.38352892,-0.8696016,0.7411669
2009-12-23,0.13185176,0.38456962,0.48357865,-0.25271785,0.51313406,-0.89669645,0.87133634
2009-12-24,0.107523315,0.35383663,0.53864014,-0.24631329,0.42723688,-0.8845269,0.72730243
2009-12-28,0.09731627,0.43694896,0.46573475,-0.33963263,0.48039782,-0.89464945,0.9140779
2009-12-29,0.06864486,0.4154561,0.51589906,-0.3468112,0.33280924,-0.864557,0.13225645
2009-12-30,0.048041243,0.5362432,0.41571558,-0.48820198,0.34621203,-0.88815725,0.19758555
2009-12-31,0.06942522,0.45242047,0.4781543,-0.38299525,0.39346522,-0.93288046,0.19729225
2010-01-04,0.09164742,0.44524074,0.46311185,-0.35359332,0.4628748,-0.94593346,0.9074607
2010-01-05,0.044740334,0.52784616,0.4274135,-0.4831058,0.34211603,-0.91068697,0.1510185
2010-01-06,0.07294641,0.54426897,0.3827846,-0.47132257,0.40465584,-0.883451,0.41372123
2010-01-07,0.10443255,0.5135741,0.38199338,-0.4091415,0.42423704,-0.9477185,0.8569891
2010-01-08,0.07952548,0.4651004,0.45537418,-0.38557488,0.42123792,-0.9332917,0.5101252
2010-01-11,0.08166151,0.40440333,0.51393515,-0.32274187,0.43822098,-0.94247603,0.7576319
2010-01-12,0.047175225,0.4252551,0.5275697,-0.37807986,0.34581286,-0.94931847,0.1752882
2010-01-13,0.09333598,0.3467143,0.5599497,-0.25337827,0.38339195,-0.9059882,0.876719
2010-01-14,0.0777044,0.392608,0.52968764,-0.3149036,0.3793615,-0.96594113,0.4050238
2010-01-15,0.13554645,0.38907707,0.4753765,-0.25353062,0.49852613,-0.9190693,0.8515628
2010-01-19,0.080829784,0.5241476,0.39502257,-0.44331783,0.4510558,-0.9211287,0.9116546
2010-01-20,0.19607368,0.30196965,0.5019567,-0.10589594,0.5429327,-0.91419274,0.93793714
2010-01-21,0.12920153,0.40664205,0.46415645,-0.27744052,0.452793,-0.9250875,0.8375387
2010-01-22,0.09644863,0.44674113,0.45681018,-0.3502925,0.46779716,-0.95966905,0.689727
2010-01-25,0.078990385,0.34881556,0.57219404,-0.26982522,0.37211537,-0.9337815,0.8678943
2010-01-26,0.11313964,0.37664673,0.5102137,-0.26350707,0.43895757,-0.9555216,0.7552994
2010-01-27,0.05685853,0.2818899,0.6612516,-0.22503136,0.3043854,-0.94337064,0.1879762
2010-01-28,0.107607536,0.38128784,0.51110464,-0.2736803,0.4406771,-0.9128812,0.5515726
2010-01-29,0.07906769,0.45862216,0.46231014,-0.37955445,0.43845335,-0.9319452,0.4603135
2010-02-01,0.040781565,0.52001774,0.43920076,-0.47923616,0.36013755,-0.91103035,0.09976358
2010-02-02,0.07743249,0.45882577,0.46374175,-0.38139328,0.3938604,-0.91314477,0.40024292
2010-02-03,0.10945569,0.34206522,0.54847914,-0.2326095,0.39705083,-0.8804942,0.75014144
2010-02-04,0.08741,0.47302747,0.43956253,-0.38561743,0.44284347,-0.9471647,0.7859186
2010-02-05,0.09734477,0.3652533,0.537402,-0.2679085,0.4162439,-0.9235587,0.5306203
2010-02-08,0.10472113,0.45588028,0.43939862,-0.3511592,0.42508435,-0.8937623,0.702703
2010-02-09,0.057871938,0.5010462,0.44108188,-0.44317424,0.35753962,-0.9593015,0.2530282
2010-02-10,0.13146272,0.43367946,0.43485788,-0.3022167,0.46413547,-0.92641884,0.72587246
2010-02-11,0.07722544,0.6188204,0.3039541,-0.5415951,0.42520958,-0.9449917,0.72587246
2010-02-12,0.15341996,0.39333603,0.45324403,-0.23991607,0.5202593,-0.88463986,0.9011958
2010-02-16,0.061799135,0.51000154,0.42819935,-0.4482024,0.38073546,-0.9394445,0.5235001
2010-02-17,0.05082099,0.4634618,0.48571724,-0.4126408,0.3117045,-0.9180971,0.081339106
2010-02-18,0.06979017,0.47565478,0.45455506,-0.40586463,0.40516382,-0.9196545,0.24751091
2010-02-19,0.05803937,0.38464656,0.5573141,-0.3266072,0.41547948,-0.94561213,0.20065536
2010-02-22,0.07637662,0.4287487,0.4948747,-0.35237208,0.38730997,-0.9508723,0.30094168
2010-02-23,0.07237485,0.48745114,0.440174,-0.4150763,0.40181756,-0.8999216,0.6228816
2010-02-24,0.05662657,0.5659373,0.37743613,-0.5093107,0.3416483,-0.9410973,0.039973326
2010-02-25,0.077360936,0.381109,0.5415301,-0.30374804,0.40001243,-0.89526916,0.34457776
2010-02-26,0.085446335,0.22998491,0.6845687,-0.1445386,0.35020888,-0.8472094,0.6489355
2010-03-01,0.07269779,0.5262792,0.401023,-0.45358145,0.4153385,-0.96201116,0.8246993
2010-03-02,0.0725861,0.35579276,0.5716211,-0.28320667,0.39868358,-0.9335579,0.5999103
2010-03-03,0.09905611,0.44788823,0.45305568,-0.34883213,0.4306637,-0.9447935,0.53455067
2010-03-04,0.07884079,0.5792717,0.3418875,-0.5004309,0.42296544,-0.9646351,0.71791995
2010-03-05,0.10557123,0.33304524,0.56138355,-0.22747399,0.43610245,-0.9015778,0.6943529
2010-03-08,0.10898588,0.41222435,0.47878975,-0.30323848,0.46626312,-0.9319988,0.8644757
2010-03-09,0.09499338,0.4193202,0.48568642,-0.32432678,0.44638506,-0.8801942,0.92338544
2010-03-10,0.07651532,0.45449793,0.4689867,-0.37798265,0.46070406,-0.94005305,0.66606253
2010-03-11,0.1286701,0.41967103,0.45165884,-0.29100093,0.5083762,-0.91506916,0.92634445
2010-03-12,0.08147433,0.4230818,0.49544394,-0.34160748,0.41094682,-0.937409,0.42855915
2010-03-15,0.15756728,0.34955594,0.49287677,-0.19198866,0.4869438,-0.9287008,0.86402327
2010-03-16,0.10254066,0.39823407,0.49922523,-0.2956934,0.47799864,-0.9549453,0.6697118
2010-03-17,0.11373152,0.46196285,0.42430562,-0.3482314,0.46743336,-0.8987285,0.7314627
2010-03-18,0.11265972,0.41866195,0.4686783,-0.30600223,0.4324563,-0.9213116,0.5204876
2010-03-19,0.043261234,0.42025563,0.5364831,-0.37699443,0.3387248,-0.91730696,0.04226597
2010-03-22,0.101216726,0.4665944,0.4321889,-0.3653776,0.47415924,-0.929181,0.6433527
2010-03-23,0.041133557,0.41217473,0.5466917,-0.37104115,0.3237682,-0.9036577,0.07216828
2010-03-24,0.085990936,0.47868103,0.43532804,-0.39269012,0.41389984,-0.9238132,0.8844532
2010-03-25,0.17689615,0.35364237,0.46946144,-0.17674622,0.551811,-0.9124509,0.89952815
2010-03-26,0.096093856,0.3609289,0.5429773,-0.264835,0.3933077,-0.90804064,0.79104906
2010-03-29,0.039395966,0.50479627,0.45580772,-0.46540034,0.33653337,-0.95289195,0.061950956
2010-03-30,0.04054487,0.5455211,0.4139341,-0.50497615,0.36298525,-0.93212974,0.11055634
2010-03-31,0.035148744,0.48993686,0.4749144,-0.45478812,0.37072676,-0.89078397,0.055916436
2010-04-01,0.066753656,0.3753311,0.5579152,-0.30857745,0.33228382,-0.9190155,0.18037868
2010-04-05,0.040296186,0.40288255,0.5568213,-0.36258638,0.29569483,-0.86610717,0.039262883
2010-04-06,0.04948956,0.27935237,0.67115813,-0.22986282,0.3019945,-0.8992477,0.16927753
2010-04-07,0.04150036,0.5431211,0.41537857,-0.50162065,0.36839408,-0.94067085,0.09101044
2010-04-08,0.062513344,0.41371438,0.5237723,-0.35120106,0.39915198,-0.92081803,0.3794449
2010-04-09,0.05753386,0.40808788,0.5343783,-0.35055402,0.3542128,-0.9033205,0.115830794
2010-04-12,0.05531471,0.3620381,0.58264714,-0.30672342,0.36667576,-0.9294038,0.11766085
2010-04-13,0.06716288,0.45542416,0.47741294,-0.3882613,0.36628062,-0.898324,0.41055754
2010-04-14,0.07212405,0.5825541,0.34532183,-0.51043004,0.4452708,-0.9418459,0.79903483
2010-04-15,0.03763418,0.55917794,0.40318787,-0.52154374,0.3476646,-0.94776475,0.083935395
2010-04-16,0.043260783,0.5139547,0.44278458,-0.47069386,0.39731628,-0.935773,0.09965929
2010-04-19,0.10700426,0.42513585,0.46785992,-0.31813157,0.46139678,-0.9191253,0.6305282
2010-04-20,0.07406706,0.41404155,0.5118914,-0.33997452,0.38381654,-0.8902345,0.59916216
2010-04-21,0.07675825,0.38105428,0.5421875,-0.30429605,0.3972453,-0.8435221,0.51069117
2010-04-22,0.060920402,0.3972773,0.5418022,-0.33635694,0.36030927,-0.8881436,0.3035634
2010-04-23,0.12305165,0.45704406,0.41990426,-0.33399245,0.48759717,-0.90207016,0.8252315
2010-04-26,0.19449988,0.39070266,0.41479748,-0.1962028,0.5682343,-0.90693426,0.9232906
2010-04-27,0.07897927,0.41378623,0.50723445,-0.33480698,0.39801565,-0.8677672,0.5094576
2010-04-28,0.095506534,0.56898385,0.33550957,-0.47347736,0.4981554,-0.9558174,0.91615325
2010-04-29,0.07718088,0.4609698,0.4618493,-0.38378894,0.3736896,-0.93548584,0.92667216
2010-04-30,0.14634497,0.40216783,0.45148718,-0.25582284,0.4721678,-0.9272377,0.80747384
2010-05-03,0.10258624,0.34136093,0.55605286,-0.23877469,0.38431588,-0.9353371,0.68166524
2010-05-04,0.09521042,0.44104633,0.4637433,-0.34583592,0.44484803,-0.95842206,0.45371404
2010-05-05,0.051133297,0.4829185,0.4659482,-0.4317852,0.44519624,-0.94177747,0.45032278
2010-05-06,0.04737832,0.4986554,0.4539663,-0.45127708,0.3647075,-0.9340966,0.20875068
2010-05-07,0.1346139,0.2823662,0.58302,-0.1477523,0.41442847,-0.8643836,0.84714484
2010-05-10,0.09284223,0.4034032,0.50375456,-0.31056097,0.40880305,-0.872763,0.62958676
2010-05-11,0.11135547,0.48868987,0.39995465,-0.37733442,0.49652213,-0.9096832,0.9145114
2010-05-12,0.08127721,0.4365425,0.48218024,-0.35526535,0.43572906,-0.9428271,0.8280653
2010-05-13,0.09776083,0.5047734,0.39746583,-0.40701255,0.42746228,-0.9146708,0.77923477
2010-05-14,0.07280225,0.4918703,0.4353274,-0.41906807,0.33789137,-0.9092101,0.16128123
2010-05-17,0.11314214,0.38782823,0.4990296,-0.2746861,0.45138744,-0.81191945,0.92535484
2010-05-18,0.07635549,0.46659842,0.45704612,-0.39024293,0.4510621,-0.932999,0.46058908
2010-05-19,0.05513685,0.5718982,0.37296495,-0.51676136,0.37201336,-0.93302554,0.27373362
2010-05-20,0.09204949,0.48301858,0.42493197,-0.3909691,0.41299403,-0.9009522,0.72652537
2010-05-21,0.14294398,0.4155481,0.4415079,-0.2726041,0.48794043,-0.9406972,0.88006335
2010-05-24,0.11838549,0.5223067,0.35930786,-0.40392122,0.5226404,-0.91774654,0.8871689
2010-05-25,0.077156276,0.48866364,0.43418008,-0.41150737,0.4352539,-0.9159641,0.39400485
2010-05-26,0.07518321,0.42491275,0.49990407,-0.34972954,0.39148292,-0.9034664,0.23362638
2010-05-27,0.17533523,0.3622811,0.4623837,-0.18694592,0.46484736,-0.95344865,0.92120177
2010-05-28,0.11035609,0.29622832,0.5934156,-0.18587221,0.3360762,-0.93666273,0.6777959
2010-06-01,0.12805867,0.39429513,0.47764617,-0.26623648,0.44419092,-0.9185484,0.7848525
2010-06-02,0.05049713,0.5790508,0.3704521,-0.52855366,0.35887957,-0.9104889,0.10534748
2010-06-03,0.09661909,0.4921594,0.41122153,-0.39554033,0.46195844,-0.8968347,0.9405422
2010-06-04,0.0749841,0.47588935,0.44912654,-0.40090522,0.3698056,-0.9056181,0.5401914
2010-06-07,0.10424867,0.4307645,0.4649868,-0.32651585,0.47006217,-0.8747114,0.90722364
2010-06-08,0.06604363,0.45533717,0.47861922,-0.3892935,0.39187935,-0.9408591,0.23625293
2010-06-09,0.1385922,0.27170268,0.58970517,-0.13311046,0.43098828,-0.81806815,0.8642262
2010-06-10,0.08494064,0.38655487,0.52850443,-0.30161422,0.37654397,-0.85502815,0.19383481
2010-06-11,0.0980334,0.3874644,0.51450217,-0.28943104,0.42134634,-0.92287916,0.8188928
2010-06-14,0.08858334,0.44402894,0.46738777,-0.3554456,0.44281393,-0.96204895,0.6347735
2010-06-15,0.10149295,0.5873277,0.31117934,-0.4858348,0.45930216,-0.9271854,0.7856767
2010-06-16,0.07685297,0.37383518,0.5493118,-0.2969822,0.41926196,-0.957948,0.6880813
2010-06-17,0.13088043,0.45515096,0.4139686,-0.3242706,0.45025408,-0.92404944,0.5318983
2010-06-18,0.06974826,0.5360025,0.39424923,-0.46625426,0.4072536,-0.9568085,0.7877882
2010-06-21,0.14350916,0.468557,0.38793382,-0.32504788,0.5071638,-0.95071834,0.85998255
2010-06-22,0.12845461,0.4474778,0.42406762,-0.31902316,0.50314945,-0.9331338,0.86809665
2010-06-23,0.112042926,0.40938306,0.47857404,-0.29734012,0.45649266,-0.9392064,0.8925781
2010-06-24,0.046233036,0.5660328,0.38773406,-0.5197998,0.3559159,-0.9411035,0.1753355
2010-06-25,0.08156814,0.35916954,0.55926234,-0.2776014,0.36720508,-0.92317444,0.18848583
2010-06-28,0.051761437,0.4515276,0.49671096,-0.39976612,0.3761945,-0.90818334,0.12893856
2010-06-29,0.10850471,0.44768992,0.4438054,-0.3391852,0.42441735,-0.9100783,0.91583246
2010-06-30,0.09399795,0.46912193,0.4368801,-0.37512398,0.41381449,-0.90725124,0.52952075
2010-07-01,0.14075652,0.40245506,0.45678845,-0.26169848,0.5037308,-0.90703267,0.64293605
2010-07-02,0.07499516,0.44876483,0.47624004,-0.37376964,0.42255792,-0.9283319,0.6016905
2010-07-06,0.13016315,0.38014755,0.4896893,-0.2499844,0.4860164,-0.93404084,0.81842417
2010-07-07,0.07969392,0.36304796,0.5572581,-0.28335398,0.32101154,-0.83232486,0.27692446
2010-07-08,0.09371847,0.40598217,0.5002994,-0.3122637,0.43926945,-0.8612408,0.9272091
2010-07-09,0.18049948,0.38362953,0.435871,-0.20312999,0.5663451,-0.9252264,0.8623353
2010-07-12,0.0451652,0.59819967,0.35663518,-0.5530345,0.32933003,-0.9398503,0.10657933
2010-07-13,0.09132589,0.4581524,0.4505217,-0.3668265,0.43889832,-0.92031175,0.9030005
2010-07-14,0.09778846,0.37838855,0.52382296,-0.2806001,0.418986,-0.868082,0.6836076
2010-07-15,0.14436261,0.41331628,0.44232112,-0.26895362,0.5006502,-0.93267477,0.78144246
2010-07-16,0.11903843,0.3482405,0.53272104,-0.22920208,0.43467087,-0.87897277,0.63071764
2010-07-19,0.13919042,0.29855356,0.56225604,-0.15936314,0.42324448,-0.87447065,0.6914515
2010-07-20,0.13066152,0.3797421,0.48959637,-0.24908058,0.52557313,-0.956348,0.90749216
2010-07-21,0.11842957,0.42721382,0.4543566,-0.30878425,0.47943813,-0.94226813,0.8521491
2010-07-22,0.09287467,0.47952464,0.42760068,-0.38665006,0.4250301,-0.91694033,0.7044029
2010-07-23,0.05984536,0.55361867,0.38653594,-0.49377328,0.42246655,-0.94833267,0.30150127
2010-07-26,0.07227489,0.2795948,0.64813024,-0.20731995,0.32646748,-0.82395506,0.3246615
2010-07-27,0.084006436,0.39232263,0.5236709,-0.3083162,0.40752238,-0.8547123,0.8382796
2010-07-28,0.04746148,0.5398548,0.41268367,-0.49239337,0.37560946,-0.93671286,0.33510447
2010-07-29,0.07044077,0.40368894,0.5258703,-0.33324817,0.3891665,-0.919975,0.3671416
2010-07-30,0.04697023,0.48346886,0.4695609,-0.43649864,0.37643507,-0.950001,0.11352055
2010-08-02,0.0479167,0.51077384,0.4413095,-0.46285713,0.35454738,-0.9492089,0.24435109
2010-08-03,0.06322713,0.44286847,0.49390447,-0.3796413,0.37460616,-0.92130023,0.18021724
2010-08-04,0.09795305,0.39920875,0.5028382,-0.30125573,0.43376127,-0.91772074,0.7925893
2010-08-05,0.04934916,0.4988274,0.45182347,-0.44947827,0.33354822,-0.885113,0.17338634
2010-08-06,0.0947939,0.5210723,0.38413373,-0.4262785,0.48943982,-0.94424653,0.808866
2010-08-09,0.0696739,0.4544482,0.47587788,-0.3847743,0.39676574,-0.9575805,0.25993738
2010-08-10,0.09036198,0.57453626,0.33510172,-0.48417428,0.44714257,-0.9227166,0.8047151
2010-08-11,0.14822815,0.42782974,0.42394212,-0.27960157,0.5298769,-0.90033174,0.8930296
2010-08-12,0.06384834,0.42786083,0.5082908,-0.36401248,0.376597,-0.90858597,0.27857792
2010-08-13,0.08714533,0.43527,0.47758466,-0.34812468,0.42389387,-0.94510674,0.3265873
2010-08-16,0.06357327,0.3884783,0.54794836,-0.32490504,0.35570827,-0.95699227,0.22067088
2010-08-17,0.09153375,0.3335859,0.5748803,-0.2420522,0.3895026,-0.9358214,0.43438333
2010-08-18,0.07831337,0.42768973,0.4939969,-0.34937638,0.45291123,-0.90267533,0.87102306
2010-08-19,0.11224374,0.41211355,0.47564274,-0.29986984,0.4411031,-0.9020771,0.84991
2010-08-20,0.12772267,0.39402747,0.47824982,-0.26630485,0.5129186,-0.9546644,0.91936076
2010-08-23,0.038338076,0.5942142,0.36744773,-0.5558761,0.35516664,-0.9419259,0.08436063
2010-08-24,0.10370452,0.4714879,0.42480758,-0.3677834,0.48350075,-0.9500154,0.4083562
2010-08-25,0.10542169,0.5442767,0.35030162,-0.43885493,0.46138382,-0.9196073,0.8053634
2010-08-26,0.053743366,0.38296482,0.5632918,-0.32922146,0.38051093,-0.9203693,0.20613748
2010-08-27,0.11853097,0.45329282,0.42817622,-0.33476186,0.45561907,-0.95030653,0.8767029
2010-08-30,0.102770165,0.44946223,0.44776762,-0.34669206,0.47055477,-0.94560266,0.8867077
2010-08-31,0.10034308,0.43053776,0.46911916,-0.3301947,0.4165209,-0.86138785,0.6665165
2010-09-01,0.09339285,0.51530147,0.39130569,-0.42190865,0.4562032,-0.9141378,0.9113231
2010-09-02,0.14215246,0.43490255,0.42294502,-0.29275006,0.50283796,-0.94751865,0.8757129
2010-09-03,0.059025038,0.46789125,0.47308373,-0.4088662,0.35394326,-0.925553,0.06505942
2010-09-07,0.06955443,0.48505446,0.4453911,-0.41550004,0.3904102,-0.9291328,0.28755152
2010-09-08,0.050752077,0.43458465,0.5146633,-0.38383257,0.3381395,-0.914467,0.14165923
2010-09-09,0.044505406,0.4629286,0.492566,-0.41842315,0.33176872,-0.90549684,0.06315366
2010-09-10,0.04083594,0.4963774,0.46278664,-0.4555415,0.33815128,-0.92486143,0.1911393
2010-09-13,0.08004569,0.5038338,0.41612053,-0.42378807,0.4221473,-0.96199495,0.74608994
2010-09-14,0.06336491,0.4626545,0.47398055,-0.39928958,0.3930896,-0.9171571,0.64843094
2010-09-15,0.15151401,0.36349273,0.48499328,-0.21197866,0.4781672,-0.9473073,0.8711466
2010-09-16,0.1493119,0.4339811,0.41670707,-0.28466916,0.49059513,-0.9017496,0.6956982
2010-09-17,0.1015122,0.4688055,0.4296823,-0.36729327,0.47815847,-0.9162923,0.74542403
2010-09-20,0.119765624,0.42608765,0.45414668,-0.30632207,0.45556885,-0.93012005,0.7445211
2010-09-21,0.10499248,0.3383466,0.5566609,-0.23335414,0.42300835,-0.91829234,0.5124122
2010-09-22,0.07756507,0.5523203,0.37011462,-0.4747553,0.43105412,-0.8968304,0.8218753
2010-09-23,0.051167183,0.46633574,0.48249707,-0.41516858,0.35751575,-0.8658071,0.1650967
2010-09-24,0.066681296,0.45960414,0.47371456,-0.3929229,0.40196177,-0.9117324,0.46542782
2010-09-27,0.09655333,0.43227002,0.47117668,-0.33571666,0.4350663,-0.93640995,0.726309
2010-09-28,0.053183533,0.58083606,0.36598045,-0.5276525,0.39236864,-0.9288464,0.24467741
2010-09-29,0.0918341,0.4061454,0.50202054,-0.31431127,0.43466696,-0.9115816,0.54578245
2010-09-30,0.05551438,0.51610243,0.42838317,-0.46058807,0.35494828,-0.9388463,0.13429411
2010-10-01,0.06365632,0.38665706,0.5496866,-0.32300076,0.38886276,-0.9359329,0.61604726
2010-10-04,0.056035604,0.56240517,0.38155922,-0.50636953,0.3611354,-0.9487841,0.23428509
2010-10-05,0.09316002,0.48966086,0.4171791,-0.3965009,0.4909004,-0.92101014,0.75647485
2010-10-06,0.16940412,0.38337222,0.44722366,-0.2139681,0.55382174,-0.9497423,0.87576026
2010-10-07,0.05860381,0.4189652,0.522431,-0.3603614,0.40216735,-0.94110155,0.18738922
2010-10-08,0.053344093,0.5333176,0.41333836,-0.4799735,0.37710375,-0.9361335,0.299722
2010-10-11,0.09282779,0.53419214,0.37298012,-0.4413643,0.45492125,-0.9318648,0.7859868
2010-10-12,0.07371156,0.5076444,0.41864404,-0.43393284,0.40266702,-0.9263958,0.44108662
2010-10-13,0.15264721,0.50127506,0.34607774,-0.3486278,0.56735486,-0.958005,0.8444591
2010-10-14,0.067082524,0.39160365,0.5413138,-0.3245211,0.38152274,-0.95324326,0.11967961
2010-10-15,0.11199212,0.461951,0.42605695,-0.34995887,0.48506886,-0.94513184,0.64473253
2010-10-18,0.09629563,0.38785487,0.5158495,-0.29155925,0.43413812,-0.9385428,0.31416026
2010-10-19,0.09632233,0.5052641,0.39841363,-0.40894172,0.41418636,-0.9476882,0.6005252
2010-10-20,0.046215393,0.55277234,0.4010123,-0.50655687,0.41561478,-0.9587634,0.2169182
2010-10-21,0.13305111,0.38988498,0.47706386,-0.25683388,0.47478876,-0.9374139,0.7166808
2010-10-22,0.07724163,0.56624734,0.356511,-0.48900574,0.4561777,-0.93409455,0.87650526
2010-10-25,0.07094663,0.48683125,0.44222215,-0.41588467,0.38227898,-0.928185,0.22695386
2010-10-26,0.09291806,0.37473744,0.53234446,-0.28181937,0.41372216,-0.9510346,0.7308883
2010-10-27,0.08946671,0.5133573,0.39717603,-0.42389062,0.462932,-0.9418706,0.69112307
2010-10-28,0.03943325,0.539893,0.42067376,-0.50045973,0.37836888,-0.95927036,0.10808219
2010-10-29,0.11901668,0.28960833,0.591375,-0.17059164,0.38613692,-0.8155546,0.68590045
2010-11-01,0.06780005,0.4033394,0.52886057,-0.3355393,0.3728064,-0.9511566,0.20297493
2010-11-02,0.15444784,0.3602829,0.4852693,-0.205835,0.50187284,-0.9261937,0.8073805
2010-11-03,0.050640162,0.43528748,0.51407236,-0.38464734,0.37838307,-0.93212515,0.100854926
2010-11-04,0.09077528,0.5832549,0.32596982,-0.49247968,0.46089417,-0.9401063,0.86207664
2010-11-05,0.09666742,0.46835983,0.43497276,-0.37169242,0.4561889,-0.92268884,0.84796584
2010-11-08,0.070761554,0.46263152,0.46660686,-0.39187,0.42615446,-0.947475,0.3025749
2010-11-09,0.11721291,0.4156241,0.467163,-0.2984112,0.49159256,-0.89541787,0.8711318
2010-11-10,0.08716347,0.39130622,0.52153033,-0.30414277,0.41611207,-0.9660561,0.71480244
2010-11-11,0.08673515,0.38324586,0.53001904,-0.29651064,0.38708115,-0.95834553,0.71128136
2010-11-12,0.07231162,0.39137894,0.5363094,-0.3190673,0.38145313,-0.9176976,0.513841
2010-11-15,0.11621673,0.56116956,0.3226137,-0.44495285,0.48411775,-0.91866124,0.8299804
2010-11-16,0.100503474,0.41280887,0.4866877,-0.31230542,0.46860534,-0.930487,0.6036725
2010-11-17,0.06502185,0.4510627,0.48391542,-0.38604087,0.38310024,-0.8769953,0.31433424
2010-11-18,0.07362612,0.5569564,0.36941746,-0.4833303,0.37442437,-0.93934375,0.775378
2010-11-19,0.055131536,0.4438799,0.5009886,-0.38874835,0.34082517,-0.9530019,0.15109214
2010-11-22,0.08149834,0.51855356,0.3999481,-0.4370553,0.43457767,-0.9385209,0.40855914
2010-11-23,0.100150034,0.4556547,0.44419524,-0.35550463,0.41704872,-0.925971,0.7657277
2010-11-24,0.15181586,0.3845357,0.46364838,-0.23271988,0.5086057,-0.9079983,0.8031146
2010-11-26,0.086559236,0.47785118,0.4355896,-0.39129192,0.36271226,-0.899626,0.5322301
2010-11-29,0.094418876,0.4006382,0.50494295,-0.3062193,0.39038736,-0.8910421,0.46278697
2010-11-30,0.11021387,0.49831945,0.39146668,-0.38810557,0.40118495,-0.86652154,0.53938097
2010-12-01,0.09174039,0.3724714,0.5357883,-0.28073093,0.38856253,-0.9286479,0.59360015
2010-12-02,0.08920093,0.30708012,0.603719,-0.21787918,0.3538527,-0.9128691,0.2830365
2010-12-03,0.04891097,0.39898473,0.55210435,-0.35007372,0.3950422,-0.94211876,0.32075083
2010-12-06,0.061510872,0.4580855,0.4804036,-0.39657468,0.39310944,-0.9138877,0.44240645
2010-12-07,0.09668006,0.4050208,0.49829918,-0.30834073,0.42900148,-0.85921305,0.8546611
2010-12-08,0.0725072,0.45574474,0.47174805,-0.38323754,0.39343688,-0.93124706,0.38460594
2010-12-09,0.07700991,0.4448388,0.47815132,-0.3678289,0.40332124,-0.9254836,0.22467361
2010-12-10,0.11273744,0.35773945,0.52952313,-0.24500197,0.46517926,-0.9290677,0.92697334
2010-12-13,0.086188994,0.4444602,0.46935079,-0.3582712,0.45393348,-0.9390384,0.8490454
2010-12-14,0.12739086,0.4106838,0.46192536,-0.28329292,0.42643175,-0.9138516,0.4882439
2010-12-15,0.09313972,0.4977504,0.4091099,-0.40461066,0.4548463,-0.93704325,0.901815
2010-12-16,0.13895793,0.56417334,0.2968687,-0.42521545,0.52048135,-0.9484308,0.80360115
2010-12-17,0.07487167,0.4899277,0.43520066,-0.41505605,0.41781032,-0.92991555,0.44233796
2010-12-20,0.1068021,0.41684115,0.47635677,-0.31003904,0.4619311,-0.9112335,0.57148886
2010-12-21,0.07527595,0.47125998,0.45346406,-0.39598408,0.43512744,-0.9105814,0.6521225
2010-12-22,0.112343915,0.35226113,0.5353949,-0.23991722,0.47458857,-0.90317893,0.7907773
2010-12-23,0.06515882,0.35729644,0.57754475,-0.29213765,0.35654345,-0.8445667,0.40030754
2010-12-27,0.10550389,0.45755616,0.43694,-0.35205227,0.47305146,-0.92617327,0.7629526
2010-12-28,0.1304153,0.4188168,0.4507679,-0.28840148,0.4642816,-0.9238834,0.7968545
2010-12-29,0.07091629,0.47548524,0.45359847,-0.40456894,0.35060352,-0.8884862,0.1706753
2010-12-30,0.10424589,0.4885124,0.4072417,-0.38426647,0.4439941,-0.94430065,0.8574591
2010-12-31,0.058225714,0.50924313,0.43253118,-0.45101738,0.38843137,-0.9495898,0.2508821
2011-01-03,0.16831127,0.34729394,0.4843948,-0.17898266,0.52082753,-0.93155813,0.8274785
2011-01-04,0.12831227,0.3022484,0.5694393,-0.17393611,0.4304761,-0.82044095,0.904731
2011-01-05,0.15478998,0.40788966,0.4373204,-0.25309962,0.48200503,-0.86396843,0.75760674
2011-01-06,0.06375789,0.42620888,0.51003325,-0.362451,0.37455842,-0.922821,0.10955011
2011-01-07,0.050835554,0.48165607,0.46750832,-0.4308205,0.399624,-0.95266473,0.15580852
2011-01-10,0.10229492,0.4795762,0.41812894,-0.37728122,0.4457268,-0.94688934,0.6288856
2011-01-11,0.11800176,0.56647617,0.31552213,-0.44847435,0.5397173,-0.95293105,0.79431057
2011-01-12,0.092804626,0.46750432,0.43969116,-0.37469968,0.4566432,-0.92476046,0.8471496
2011-01-13,0.11583651,0.435873,0.44829047,-0.32003647,0.50442165,-0.91105545,0.83249474
2011-01-14,0.1817689,0.335595,0.48263606,-0.15382612,0.5272511,-0.8789851,0.88226163
2011-01-18,0.10049833,0.24525909,0.6542426,-0.14476076,0.34976408,-0.7552846,0.49864176
2011-01-19,0.13639513,0.48407212,0.37953278,-0.347677,0.49280107,-0.925384,0.8527541
2011-01-20,0.12518913,0.45959827,0.41521254,-0.33440918,0.44446075,-0.9007526,0.7455361
2011-01-21,0.054205313,0.469617,0.47617772,-0.41541168,0.37673447,-0.93275005,0.24258126
2011-01-24,0.11485454,0.46496555,0.42017993,-0.350111,0.5184788,-0.91519594,0.7427549
2011-01-25,0.052240677,0.52964497,0.41811436,-0.4774043,0.36226857,-0.9283949,0.23668231
2011-01-26,0.05768481,0.50772166,0.43459347,-0.45003688,0.35136113,-0.8816076,0.15694246
2011-01-27,0.09356621,0.38464725,0.5217865,-0.29108104,0.44427347,-0.9385239,0.8815687
2011-01-28,0.053947955,0.35103938,0.59501266,-0.2970914,0.3490858,-0.91391337,0.18588865
2011-01-31,0.12236718,0.38443705,0.49319577,-0.26206988,0.48634788,-0.93486595,0.92937225
2011-02-01,0.077255204,0.4102158,0.512529,-0.33296055,0.44018477,-0.93284327,0.45576692
2011-02-02,0.1303706,0.36110643,0.508523,-0.23073582,0.4952484,-0.9191141,0.83406305
2011-02-03,0.044548374,0.586447,0.3690046,-0.54189867,0.33249682,-0.94149023,0.05069011
2011-02-04,0.05121931,0.41435328,0.5344274,-0.363134,0.3832836,-0.9426051,0.13113712
2011-02-07,0.08246528,0.4299864,0.48754832,-0.3475211,0.44697842,-0.95217854,0.8867203
2011-02-08,0.039800026,0.43216488,0.5280351,-0.3923649,0.35655016,-0.95033056,0.04028726
2011-02-09,0.07823773,0.55706114,0.36470118,-0.4788234,0.46434584,-0.94912434,0.7322641
2011-02-10,0.17840606,0.34139892,0.48019496,-0.16299286,0.5174837,-0.90194684,0.88670194
2011-02-11,0.083865255,0.4137575,0.5023773,-0.32989225,0.39468673,-0.9307221,0.8978694
2011-02-14,0.09643813,0.49844742,0.4051144,-0.4020093,0.38869092,-0.9380064,0.25523448
2011-02-15,0.045555785,0.600827,0.35361725,-0.5552712,0.27509442,-0.94074714,0.03823371
2011-02-16,0.07189066,0.53418636,0.39392295,-0.4622957,0.37806785,-0.8953688,0.2976526
2011-02-17,0.08299811,0.54497397,0.3720279,-0.46197587,0.3557535,-0.92232656,0.20718399
2011-02-18,0.07456654,0.55173016,0.37370336,-0.47716358,0.44777638,-0.9380094,0.4775054
2011-02-22,0.038593646,0.5372601,0.42414626,-0.4986664,0.3591309,-0.9410616,0.073234305
2011-02-23,0.0908973,0.39386392,0.5152388,-0.3029666,0.44419867,-0.9499144,0.85406965
2011-02-24,0.104734,0.45098153,0.44428447,-0.34624752,0.3999714,-0.89933425,0.3501015
2011-02-25,0.109898835,0.41347775,0.4766234,-0.30357888,0.45643863,-0.8818212,0.7430191
2011-02-28,0.096939914,0.45128703,0.45177305,-0.35434708,0.43724224,-0.85773027,0.7858097
2011-03-01,0.12511304,0.3661097,0.50877726,-0.24099666,0.4806775,-0.93414456,0.8428521
2011-03-02,0.04701334,0.45931208,0.49367458,-0.41229877,0.41081578,-0.9544066,0.120013475
2011-03-03,0.091157444,0.38166946,0.5271731,-0.290512,0.42246684,-0.9455566,0.46246183
2011-03-04,0.047355544,0.5392476,0.41339692,-0.491892,0.4015296,-0.9607663,0.24300067
2011-03-07,0.078527965,0.43739048,0.48408154,-0.35886258,0.38343063,-0.9460337,0.40757415
2011-03-08,0.10951186,0.4305056,0.4599825,-0.32099378,0.46813342,-0.9191357,0.9011291
2011-03-09,0.09393749,0.52814436,0.37791812,-0.43420687,0.4495828,-0.91953677,0.70615005
2011-03-10,0.07417307,0.5307179,0.39510903,-0.45654488,0.4126667,-0.9072651,0.797213
2011-03-11,0.076089546,0.46616578,0.4577447,-0.3900762,0.39182934,-0.9414532,0.3964748
2011-03-14,0.085864484,0.40817073,0.50596476,-0.32230625,0.3775894,-0.9427121,0.41617268
2011-03-15,0.16287912,0.41487157,0.4222493,-0.25199243,0.5694879,-0.9472603,0.90523976
2011-03-16,0.04077571,0.49693203,0.46229225,-0.45615634,0.406183,-0.947381,0.1706372
2011-03-17,0.09110304,0.40850103,0.50039595,-0.31739798,0.4085204,-0.8912263,0.4358973
2011-03-18,0.19688141,0.3533794,0.4497392,-0.15649801,0.5327206,-0.9459773,0.85206187
2011-03-21,0.08292122,0.540818,0.37626085,-0.45789668,0.44200805,-0.9376306,0.7238058
2011-03-22,0.1252991,0.41139945,0.46330148,-0.28610033,0.44650543,-0.9511855,0.69026744
2011-03-23,0.048453975,0.49243537,0.45911065,-0.4439814,0.30271035,-0.89554644,0.2041307
2011-03-24,0.09732509,0.55159265,0.3510822,-0.45426762,0.47666594,-0.9334635,0.8027785
2011-03-25,0.06999452,0.5449871,0.38501844,-0.47499257,0.40035135,-0.9150451,0.33320525
2011-03-28,0.034415565,0.5583181,0.40726632,-0.5239026,0.35252014,-0.9449971,0.046738975
2011-03-29,0.059153084,0.5441153,0.39673162,-0.48496228,0.364825,-0.9318699,0.27938724
2011-03-30,0.04539931,0.4492399,0.5053608,-0.40384063,0.35393783,-0.93695647,0.07153858
2011-03-31,0.19514716,0.35182723,0.45302558,-0.15668014,0.53435755,-0.88117903,0.87082744
2011-04-01,0.13363491,0.44959345,0.41677162,-0.3159586,0.5276561,-0.91804737,0.87241215
2011-04-04,0.091489695,0.42888224,0.47962803,-0.33739254,0.45997456,-0.93376553,0.64821815
2011-04-05,0.105525054,0.46374407,0.43073085,-0.35821903,0.46402544,-0.9140872,0.63820606
2011-04-06,0.12106496,0.42065153,0.4582835,-0.2995866,0.4908859,-0.93376595,0.7997166
2011-04-07,0.10698161,0.45264187,0.44037652,-0.34566024,0.47363237,-0.90446407,0.9006698
2011-04-08,0.11573163,0.52712286,0.3571455,-0.41139126,0.5062762,-0.945782,0.7749302
2011-04-11,0.071530916,0.37597552,0.5524935,-0.3044446,0.4127383,-0.9049891,0.39308426
2011-04-12,0.07462869,0.4502156,0.47515574,-0.3755869,0.39654392,-0.93390816,0.27076495
2011-04-13,0.1299507,0.4824685,0.38758087,-0.35251778,0.51122576,-0.92966944,0.6716645
2011-04-14,0.07716103,0.4918296,0.4310094,-0.41466862,0.38846236,-0.9095967,0.2340683
2011-04-15,0.10793639,0.51304513,0.37901852,-0.40510875,0.43957838,-0.9230612,0.90747786
2011-04-18,0.120131254,0.5460674,0.33380136,-0.42593613,0.48017868,-0.9510541,0.6661472
2011-04-19,0.09847501,0.43161246,0.46991256,-0.33313748,0.44821075,-0.91849995,0.90159166
2011-04-20,0.15825869,0.47957733,0.36216393,-0.32131872,0.53319556,-0.94351935,0.8505297
2011-04-21,0.038196765,0.5984431,0.3633602,-0.5602463,0.318709,-0.92378885,0.11819067
2011-04-25,0.092650354,0.5488087,0.35854092,-0.45615828,0.39783996,-0.9174479,0.7886555
2011-04-26,0.08882789,0.55283386,0.35833824,-0.464006,0.44003874,-0.92699987,0.43645674
2011-04-27,0.079258986,0.40859726,0.5121438,-0.32933822,0.41776645,-0.93425506,0.37663114
2011-04-28,0.07793977,0.5541104,0.36794987,-0.47617057,0.4569291,-0.9241053,0.8333139
2011-04-29,0.12962663,0.46967918,0.40069416,-0.34005257,0.48244676,-0.9538455,0.8353423
2011-05-02,0.068334535,0.31946477,0.61220074,-0.25113022,0.34401935,-0.9371893,0.5400561
2011-05-03,0.057459444,0.5600031,0.38253745,-0.5025436,0.42938757,-0.9557608,0.19010931
2011-05-04,0.115337476,0.29211894,0.5925436,-0.17678148,0.41248113,-0.9270075,0.85158306
2011-05-05,0.07415551,0.53572047,0.39012408,-0.4615649,0.40656257,-0.92625403,0.81975865
2011-05-06,0.05495999,0.45706475,0.48797524,-0.4021048,0.39227068,-0.93739796,0.124517165
2011-05-09,0.137457,0.50154805,0.3609949,-0.3640911,0.5309932,-0.94454765,0.9092504
2011-05-10,0.052334543,0.56870794,0.3789575,-0.51637346,0.3664214,-0.9132472,0.35168055
2011-05-11,0.118333004,0.54668206,0.33498493,-0.42834908,0.5167338,-0.9560996,0.77515584
2011-05-12,0.06973545,0.5973079,0.33295658,-0.5275725,0.45230415,-0.9540995,0.87791544
2011-05-13,0.06123271,0.60379624,0.33497104,-0.5425635,0.41034988,-0.95852584,0.57157165
2011-05-16,0.09576643,0.5153487,0.3888849,-0.41958225,0.42309478,-0.9384214,0.54298973
2011-05-17,0.090935424,0.444082,0.4649826,-0.35314658,0.4422657,-0.9275507,0.81588936
2011-05-18,0.0674511,0.50974566,0.42280328,-0.4422945,0.4165894,-0.92479414,0.53721726
2011-05-19,0.091014,0.45670697,0.452279,-0.36569297,0.45589843,-0.94151485,0.2556771
2011-05-20,0.07144901,0.5505908,0.3779602,-0.47914174,0.46814704,-0.96000296,0.92416406
2011-05-23,0.06273066,0.49765733,0.439612,-0.4349267,0.41035384,-0.90625256,0.5078035
2011-05-24,0.05248077,0.5767817,0.37073758,-0.52430093,0.35546044,-0.9454697,0.13541153
2011-05-25,0.13129932,0.44318157,0.42551914,-0.31188223,0.47520104,-0.95123506,0.8115076
2011-05-26,0.06943558,0.54005194,0.39051247,-0.47061634,0.40505052,-0.932729,0.71048623
2011-05-27,0.096572325,0.52477545,0.37865222,-0.42820314,0.47642267,-0.93208194,0.8017259
2011-05-31,0.060451828,0.46697482,0.47257337,-0.40652302,0.38364452,-0.9164613,0.17263123
2011-06-01,0.038836792,0.6668034,0.2943598,-0.6279666,0.3216148,-0.93840504,0.28135112
2011-06-02,0.048435174,0.5321303,0.41943452,-0.48369512,0.3725283,-0.94966424,0.1588327
2011-06-03,0.0696066,0.51546854,0.4149248,-0.44586197,0.4222492,-0.9313613,0.7654337
2011-06-06,0.083431475,0.56248164,0.35408688,-0.47905013,0.43051007,-0.95796454,0.57788455
2011-06-07,0.15175147,0.48318034,0.36506817,-0.33142892,0.5376295,-0.9249788,0.88037264
2011-06-08,0.07679724,0.5189124,0.40429035,-0.4421152,0.49084106,-0.9365713,0.92308795
2011-06-09,0.10205674,0.53190196,0.3660413,-0.4298452,0.4856819,-0.94610864,0.8222852
2011-06-10,0.08122818,0.45565826,0.46311355,-0.3744301,0.42082828,-0.95134944,0.5349148
2011-06-13,0.08712509,0.5921395,0.32073537,-0.5050145,0.42586678,-0.93661433,0.30316225
2011-06-14,0.09215431,0.51685756,0.39098808,-0.4247033,0.4074228,-0.9458571,0.38125497
2011-06-15,0.08031676,0.41243702,0.5072462,-0.3321203,0.4234899,-0.9455931,0.6595706
2011-06-16,0.09594011,0.438945,0.46511486,-0.3430049,0.43751636,-0.9537831,0.7348229
2011-06-17,0.059061334,0.47348624,0.46745247,-0.4144249,0.42698067,-0.93198144,0.6325431
2011-06-20,0.05704845,0.5133453,0.42960626,-0.45629683,0.41166538,-0.9509922,0.21648735
2011-06-21,0.08970149,0.48145467,0.42884386,-0.3917532,0.4881228,-0.9442428,0.82817036
2011-06-22,0.10758254,0.508833,0.38358444,-0.40125048,0.47836414,-0.91039824,0.88903975
2011-06-23,0.087597236,0.47295585,0.43944687,-0.38535863,0.47382957,-0.9472755,0.8868607
2011-06-24,0.14424534,0.41343677,0.44231793,-0.2691914,0.52442235,-0.94253856,0.90894765
2011-06-27,0.15486887,0.4232479,0.42188323,-0.26837903,0.55742556,-0.92513776,0.8920526
2011-06-28,0.09502143,0.49399865,0.41097996,-0.3989772,0.4533113,-0.9400351,0.56054026
2011-06-29,0.0609708,0.5172894,0.42173985,-0.45631862,0.40263256,-0.94889164,0.3505163
2011-06-30,0.11919123,0.40743873,0.47337002,-0.28824753,0.48064628,-0.9167226,0.7005224
2011-07-01,0.15642656,0.34991238,0.49366108,-0.19348581,0.48889506,-0.8774045,0.8693714
2011-07-05,0.044610314,0.57259256,0.3827971,-0.52798223,0.36151597,-0.9598067,0.12217367
2011-07-06,0.09505159,0.4537157,0.45123273,-0.35866407,0.48969492,-0.95446634,0.56681466
2011-07-07,0.09602339,0.3331939,0.5707827,-0.2371705,0.42474934,-0.94531155,0.4212626
2011-07-08,0.07215813,0.44632477,0.4815171,-0.37416664,0.40603632,-0.94701505,0.44742176
2011-07-11,0.030877864,0.6499042,0.31921804,-0.61902624,0.3418193,-0.94511986,0.06156365
2011-07-12,0.048442487,0.52715003,0.42440742,-0.47870758,0.41281748,-0.96481967,0.19642457
2011-07-13,0.08038859,0.5686956,0.3509158,-0.48830703,0.48905155,-0.95929825,0.6981414
2011-07-14,0.12166952,0.4349448,0.44338563,-0.31327528,0.51646537,-0.9228385,0.7283444
2011-07-15,0.11300178,0.42763957,0.45935866,-0.31463778,0.48865536,-0.9530717,0.82636315
2011-07-18,0.039885856,0.5944279,0.36568627,-0.55454206,0.32836437,-0.92156595,0.16792452
2011-07-19,0.041429896,0.5527456,0.40582457,-0.51131564,0.35840094,-0.9436503,0.040871818
2011-07-20,0.05898227,0.55777186,0.38324586,-0.4987896,0.4001014,-0.915027,0.32382134
2011-07-21,0.058086645,0.48533526,0.4565781,-0.4272486,0.40047628,-0.9385021,0.23198244
2011-07-22,0.029613988,0.6203651,0.35002092,-0.59075105,0.31397566,-0.95171523,0.04834017
2011-07-25,0.07834144,0.38961264,0.53204596,-0.3112712,0.40766653,-0.9440882,0.868984
2011-07-26,0.11461575,0.42094684,0.46443737,-0.3063311,0.5101756,-0.9336771,0.85676706
2011-07-27,0.18490615,0.39024967,0.42484418,-0.20534351,0.540018,-0.94599324,0.9129466
2011-07-28,0.06399035,0.51268286,0.4233268,-0.4486925,0.37839305,-0.91669655,0.58327764
2011-07-29,0.18221587,0.3893039,0.42848024,-0.20708801,0.58157146,-0.94476855,0.90865296
2011-08-01,0.118389376,0.5346404,0.3469702,-0.41625103,0.5059713,-0.96312344,0.85630304
2011-08-02,0.14129783,0.5256739,0.33302826,-0.3843761,0.55184895,-0.9319176,0.90436816
2011-08-03,0.08696094,0.43625945,0.47677964,-0.34929848,0.41173863,-0.9378304,0.41724324
2011-08-04,0.12370238,0.5526083,0.32368934,-0.42890593,0.53917843,-0.9504782,0.7685306
2011-08-05,0.030882599,0.648555,0.32056236,-0.61767244,0.37606508,-0.94728285,0.15426314
2011-08-08,0.08186326,0.5078757,0.41026106,-0.42601243,0.42673546,-0.94960976,0.5898397
2011-08-09,0.083106495,0.51873773,0.39815575,-0.43563125,0.47567,-0.9234448,0.93605673
2011-08-10,0.04740638,0.5494141,0.40317956,-0.5020077,0.35113838,-0.9408428,0.15476012
2011-08-11,0.069986686,0.4727636,0.45724973,-0.4027769,0.37284097,-0.91049975,0.4485493
2011-08-12,0.087980606,0.42764392,0.4843755,-0.33966327,0.41813,-0.9136374,0.6770143
2011-08-15,0.12213892,0.4942312,0.3836299,-0.37209225,0.5164342,-0.9324025,0.6735126
2011-08-16,0.088046685,0.5385142,0.3734391,-0.4504675,0.42580232,-0.91467005,0.8425001
2011-08-17,0.07920364,0.54431283,0.37648353,-0.46510917,0.43814224,-0.942008,0.5608974
2011-08-18,0.11505552,0.3902932,0.4946513,-0.27523768,0.48193556,-0.9131305,0.9269728
2011-08-19,0.12245143,0.56596607,0.31158248,-0.44351467,0.51632875,-0.9365729,0.8885644
2011-08-22,0.07080846,0.34719467,0.58199686,-0.27638623,0.35080695,-0.94594294,0.17612642
2011-08-23,0.10018331,0.407174,0.4926427,-0.30699068,0.40744337,-0.8976881,0.5565659
2011-08-24,0.11289792,0.39557937,0.49152267,-0.28268147,0.4546295,-0.9610937,0.72370714
2011-08-25,0.097331524,0.4488243,0.45384422,-0.35149273,0.39788955,-0.86126274,0.6700676
2011-08-26,0.066949785,0.42393532,0.50911486,-0.3569855,0.39779234,-0.91600895,0.5289994
2011-08-29,0.085638806,0.537625,0.37673622,-0.45198616,0.45880777,-0.938541,0.85266155
2011-08-30,0.09863878,0.5135595,0.3878017,-0.41492078,0.4766553,-0.9316289,0.5860748
2011-08-31,0.072244674,0.5597743,0.36798105,-0.48752964,0.4365577,-0.9346868,0.7416399
2011-09-01,0.14387232,0.41832963,0.43779805,-0.27445728,0.51274025,-0.9199462,0.89651793
2011-09-02,0.06820886,0.4574182,0.47437295,-0.38920936,0.4210666,-0.9131992,0.5304174
2011-09-06,0.13014041,0.55119133,0.31866825,-0.42105088,0.5278855,-0.961453,0.71226484
2011-09-07,0.096500844,0.54703146,0.35646766,-0.45053062,0.41625643,-0.9159512,0.29200077
2011-09-08,0.1407562,0.51463735,0.34460643,-0.37388116,0.5524508,-0.96271324,0.9246944
2011-09-09,0.1461771,0.49341202,0.36041093,-0.3472349,0.5467273,-0.93921316,0.91120887
2011-09-12,0.07652632,0.4653782,0.45809546,-0.38885188,0.40582794,-0.8511106,0.65152586
2011-09-13,0.101905525,0.46094686,0.4371476,-0.35904133,0.44741845,-0.9449998,0.5582225
2011-09-14,0.069206566,0.63821256,0.29258084,-0.569006,0.38138616,-0.9574268,0.2924813
2011-09-15,0.1231859,0.44770366,0.4291104,-0.32451776,0.50418544,-0.96243256,0.9083823
2011-09-16,0.0796248,0.5698705,0.3505047,-0.4902457,0.43236515,-0.9392923,0.26653427
2011-09-19,0.17760272,0.45278192,0.36961538,-0.27517918,0.57435095,-0.9493952,0.86709803
2011-09-20,0.09780735,0.52404964,0.378143,-0.42624226,0.5089241,-0.9434849,0.8676301
2011-09-21,0.1251261,0.54897517,0.32589883,-0.42384902,0.5274607,-0.9407014,0.8952364
2011-09-22,0.12502345,0.499224,0.37575254,-0.37420058,0.50394076,-0.94296825,0.78136396
2011-09-23,0.09470353,0.43409228,0.4712042,-0.33938876,0.44408712,-0.93600726,0.26487237
2011-09-26,0.08643722,0.39878395,0.51477885,-0.3123468,0.4137643,-0.92793095,0.533166
2011-09-27,0.09490583,0.503358,0.40173617,-0.40845215,0.47005934,-0.9523269,0.7472131
2011-09-28,0.12704778,0.42523456,0.4477177,-0.29818678,0.49753642,-0.929823,0.68759114
2011-09-29,0.07414652,0.46651113,0.4593424,-0.3923646,0.4377668,-0.9560175,0.6735455
2011-09-30,0.14170605,0.43782943,0.42046452,-0.2961234,0.49899936,-0.9438444,0.7109979
2011-10-03,0.18809406,0.33782828,0.4740776,-0.14973424,0.50840783,-0.9032698,0.91782564
2011-10-04,0.10505321,0.49945173,0.39549506,-0.39439854,0.45686606,-0.93361306,0.809632
2011-10-05,0.114778586,0.47256595,0.41265544,-0.35778743,0.5211044,-0.9425633,0.74671584
2011-10-06,0.12137335,0.479406,0.3992206,-0.35803273,0.51182276,-0.956325,0.7284368
2011-10-07,0.1181881,0.39958814,0.4822238,-0.2814,0.47323212,-0.94605464,0.8183183
2011-10-10,0.050426513,0.67899495,0.27057847,-0.6285685,0.3339475,-0.93976694,0.1348306
2011-10-11,0.13632232,0.4715548,0.39212286,-0.33523247,0.5249143,-0.9365765,0.8715291
2011-10-12,0.104377754,0.48446915,0.4111531,-0.3800914,0.4535926,-0.94633865,0.69424915
2011-10-13,0.10113339,0.5750103,0.32385638,-0.47387686,0.4943499,-0.9449307,0.8813404
2011-10-14,0.07918883,0.53723574,0.38357544,-0.45804688,0.49360743,-0.95376617,0.9169885
2011-10-17,0.057438266,0.6025383,0.34002346,-0.54510003,0.33449557,-0.9373315,0.14815766
2011-10-18,0.09460166,0.50288904,0.40250924,-0.40828744,0.44831216,-0.9600139,0.60800004
2011-10-19,0.12013138,0.4692918,0.41057682,-0.34916046,0.46777818,-0.93039846,0.76759064
2011-10-20,0.07466731,0.4413597,0.48397297,-0.3666924,0.3804503,-0.93139887,0.7131308
2011-10-21,0.1312821,0.44436914,0.4243488,-0.31308702,0.49331215,-0.92773885,0.92524844
2011-10-24,0.19418749,0.3715078,0.43430468,-0.17732033,0.5626534,-0.9105231,0.7586967
2011-10-25,0.104632646,0.50655234,0.38881502,-0.40191972,0.46549204,-0.9340062,0.9286281
2011-10-26,0.08671121,0.44764817,0.46564063,-0.36093697,0.43383282,-0.94781864,0.4205878
2011-10-27,0.20881212,0.43212783,0.35906005,-0.22331566,0.6035015,-0.940066,0.8711031
2011-10-28,0.10090384,0.57203716,0.32705903,-0.47113335,0.5059395,-0.94677395,0.9333331
2011-10-31,0.085933894,0.38349694,0.5305692,-0.29756305,0.45384926,-0.9403629,0.642755
2011-11-01,0.100134656,0.47774354,0.42212176,-0.3776089,0.4992962,-0.95328724,0.7311282
2011-11-02,0.11589255,0.4441752,0.43993223,-0.3282827,0.44423378,-0.9523846,0.74884045
2011-11-03,0.14018425,0.53107065,0.32874504,-0.39088643,0.47163594,-0.9320374,0.8885028
2011-11-04,0.10281974,0.4287156,0.4684646,-0.3258959,0.4322913,-0.89267975,0.91434836
2011-11-07,0.15228903,0.44722235,0.4004886,-0.29493335,0.5539236,-0.94714093,0.8556519
2011-11-08,0.08110067,0.4767049,0.4421944,-0.39560425,0.41479918,-0.9253641,0.42525074
2011-11-09,0.09113833,0.56420594,0.34465575,-0.47306767,0.42951855,-0.9528118,0.47587144
2011-11-10,0.054867435,0.4637499,0.48138264,-0.4088825,0.37323046,-0.9147711,0.21235652
2011-11-11,0.07526943,0.5271548,0.39757574,-0.45188537,0.4294471,-0.92791075,0.6073726
2011-11-14,0.056992672,0.52832353,0.41468385,-0.47133082,0.33155045,-0.9327093,0.1589279
2011-11-15,0.10156612,0.38729858,0.51113534,-0.28573242,0.44664317,-0.931247,0.72556883
2011-11-16,0.06869851,0.5976046,0.33369693,-0.5289061,0.41384017,-0.95242476,0.5203583
2011-11-17,0.07820396,0.54883593,0.37296018,-0.4706319,0.41331714,-0.9420487,0.5021106
2011-11-18,0.10641828,0.3502114,0.5433703,-0.24379316,0.4390852,-0.925163,0.67722315
2011-11-21,0.062644936,0.61316925,0.3241858,-0.5505243,0.4013296,-0.9677452,0.2530425
2011-11-22,0.06484155,0.5808783,0.3542801,-0.51603675,0.38447303,-0.95168906,0.2861135
2011-11-23,0.113051765,0.44349366,0.4434546,-0.33044192,0.47201908,-0.92114353,0.7251881
2011-11-25,0.058779243,0.54418397,0.3970368,-0.4854047,0.379964,-0.9503885,0.4111356
2011-11-28,0.1253567,0.4365004,0.43814287,-0.3111437,0.47069198,-0.94228274,0.9228972
2011-11-29,0.056264482,0.51937383,0.42436168,-0.4631093,0.35542992,-0.9367595,0.17731449
2011-11-30,0.15221687,0.55195564,0.29582748,-0.39973876,0.57657135,-0.9413776,0.90624523
2011-12-01,0.10508644,0.51070076,0.38421285,-0.40561435,0.48547083,-0.96097994,0.50774896
2011-12-02,0.07785153,0.56210405,0.3600444,-0.48425257,0.45547816,-0.95873415,0.72059137
2011-12-05,0.089014284,0.5532491,0.3577366,-0.4642349,0.47254732,-0.94216007,0.69708496
2011-12-06,0.12720358,0.5107067,0.3620897,-0.3835031,0.47154623,-0.90202534,0.8051309
2011-12-07,0.12050917,0.5307617,0.34872916,-0.41025254,0.48283678,-0.9305489,0.8675231
2011-12-08,0.11177881,0.4407181,0.44750306,-0.32893932,0.46477732,-0.94979095,0.7590116
2011-12-09,0.11081422,0.4953933,0.39379245,-0.38457912,0.45821145,-0.93951964,0.91809416
2011-12-12,0.13880953,0.400267,0.46092346,-0.26145747,0.48130423,-0.8887272,0.91548353
2011-12-13,0.14210206,0.48174432,0.3761536,-0.3396423,0.55600595,-0.95763606,0.8414031
2011-12-14,0.09539905,0.586784,0.31781697,-0.49138492,0.48534024,-0.9434278,0.8597875
2011-12-15,0.045849703,0.63014895,0.3240013,-0.58429927,0.36914995,-0.9416392,0.32023486
2011-12-16,0.12315287,0.46645206,0.41039506,-0.34329927,0.48380613,-0.8957383,0.7883178
2011-12-19,0.0479564,0.56209695,0.38994664,-0.51414055,0.3601801,-0.92462415,0.054758385
2011-12-20,0.06597763,0.47266093,0.46136144,-0.40668327,0.3766082,-0.9151792,0.20321257
2011-12-21,0.09400303,0.49015212,0.41584483,-0.3961491,0.44172004,-0.9461635,0.35218227
2011-12-22,0.08071539,0.51770276,0.40158188,-0.43698734,0.40630674,-0.93570334,0.7423294
2011-12-23,0.12023673,0.47303864,0.40672463,-0.35280192,0.50711286,-0.9655842,0.77915794
2011-12-27,0.056049895,0.52475864,0.41919145,-0.46870875,0.40722683,-0.9502991,0.41929254
2011-12-28,0.12647922,0.53407025,0.33945048,-0.4075911,0.52016157,-0.9536119,0.9159796
2011-12-29,0.1784959,0.4183938,0.40311033,-0.2398979,0.5620056,-0.9276279,0.9036235
2011-12-30,0.1627593,0.4615083,0.3757324,-0.298749,0.55785125,-0.93237597,0.8943759
2012-01-03,0.10932044,0.54594755,0.344732,-0.43662712,0.48044264,-0.94972295,0.66997695
2012-01-04,0.07151004,0.58500373,0.3434862,-0.5134938,0.3975998,-0.9455607,0.7669456
2012-01-05,0.06455002,0.56602407,0.3694259,-0.50147414,0.43059686,-0.9486245,0.25274497
2012-01-06,0.109405145,0.58477426,0.30582064,-0.47536907,0.44663942,-0.947044,0.4069751
2012-01-09,0.0687477,0.4692278,0.4620245,-0.4004801,0.37873715,-0.9247216,0.1790778
2012-01-10,0.038552716,0.5827932,0.3786541,-0.5442405,0.34487173,-0.9462993,0.099627845
2012-01-11,0.073141344,0.6381286,0.2887301,-0.56498724,0.41118798,-0.9305564,0.87604386
2012-01-12,0.09621287,0.63178366,0.27200347,-0.5355708,0.52234507,-0.9609598,0.83109945
2012-01-13,0.15282354,0.47505635,0.37212014,-0.32223278,0.5368018,-0.8286945,0.9382905
2012-01-17,0.12559204,0.37836397,0.496044,-0.25277194,0.46581295,-0.9523763,0.9092435
2012-01-18,0.117193535,0.6217165,0.26108995,-0.5045229,0.48769575,-0.93972915,0.7731589
2012-01-19,0.09431692,0.503882,0.4018011,-0.409565,0.42972428,-0.92916703,0.8268037
2012-01-20,0.06883764,0.48951343,0.44164893,-0.42067578,0.4126786,-0.9331139,0.25774458
2012-01-23,0.12535386,0.4142846,0.46036157,-0.28893077,0.47655827,-0.9286425,0.8808155
2012-01-24,0.07664594,0.4540306,0.46932352,-0.37738463,0.44370896,-0.9243857,0.71756303
2012-01-25,0.08941083,0.53355956,0.37702966,-0.44414872,0.4578544,-0.9491867,0.672253
2012-01-26,0.051151637,0.59254885,0.3562995,-0.5413972,0.39836586,-0.9430197,0.27028045
2012-01-27,0.105366886,0.478737,0.41589606,-0.37337014,0.46001014,-0.9441285,0.7246051
2012-01-30,0.11301602,0.5765266,0.3104574,-0.4635106,0.470652,-0.9392831,0.73879075
2012-01-31,0.12182947,0.5068837,0.3712868,-0.3850542,0.49221322,-0.9335624,0.8714502
2012-02-01,0.08563715,0.5600813,0.35428154,-0.47444415,0.44140634,-0.9163393,0.8728952
2012-02-02,0.10692556,0.5424247,0.35064974,-0.43549907,0.4555866,-0.933685,0.7158735
2012-02-03,0.055384506,0.5510998,0.39351574,-0.4957153,0.37867787,-0.93112946,0.18320256
2012-02-06,0.063021384,0.58754355,0.34943497,-0.52452224,0.39975533,-0.95921814,0.59806854
2012-02-07,0.06774042,0.65793616,0.27432343,-0.5901957,0.440608,-0.9557529,0.90472686
2012-02-08,0.09999053,0.48095366,0.41905576,-0.38096318,0.4049035,-0.89778906,0.390334
2012-02-09,0.07562842,0.6036289,0.32074276,-0.5280004,0.4348106,-0.9463308,0.6432872
2012-02-10,0.117741324,0.5100206,0.37223804,-0.39227933,0.47727004,-0.91722596,0.74288076
2012-02-13,0.061385762,0.5880345,0.3505797,-0.52664876,0.39232326,-0.9314669,0.37734354
2012-02-14,0.08464518,0.47140148,0.44395334,-0.38675633,0.40904343,-0.9518951,0.27832502
2012-02-15,0.07587779,0.5587652,0.36535698,-0.48288742,0.4553923,-0.94008386,0.89582884
2012-02-16,0.0922635,0.5975268,0.31020972,-0.50526327,0.4570018,-0.9581468,0.8315428
2012-02-17,0.072324745,0.47684163,0.45083362,-0.40451688,0.4394598,-0.92894024,0.6034654
2012-02-21,0.11719496,0.5650975,0.31770745,-0.4479026,0.47588474,-0.94794303,0.758875
2012-02-22,0.076630495,0.4873972,0.4359723,-0.41076672,0.40850195,-0.91017914,0.8370915
2012-02-23,0.049388625,0.4863092,0.46430218,-0.43692055,0.38636786,-0.95355344,0.14340064
2012-02-24,0.10770223,0.56242466,0.3298731,-0.4547224,0.47631377,-0.9526269,0.83347785
2012-02-27,0.12476808,0.43851185,0.43672,-0.3137438,0.54635996,-0.93920404,0.8437654
2012-02-28,0.062228393,0.45210227,0.48566937,-0.38987386,0.3976154,-0.9504724,0.18904984
2012-02-29,0.10431266,0.5083438,0.38734356,-0.4040311,0.5163985,-0.93433154,0.6198169
2012-03-01,0.21872768,0.3414174,0.43985498,-0.12268972,0.5416719,-0.93912345,0.8884968
2012-03-02,0.1698862,0.41126174,0.41885203,-0.24137552,0.5483391,-0.9372688,0.88798887
2012-03-05,0.08988225,0.51534915,0.3947686,-0.4254669,0.48418382,-0.9170664,0.8341765
2012-03-06,0.14508495,0.410153,0.44476205,-0.26506808,0.5364141,-0.9464661,0.88893604
2012-03-07,0.11132412,0.54635733,0.34231856,-0.43503323,0.53800666,-0.9136855,0.8517678
2012-03-08,0.10495362,0.5195174,0.3755289,-0.41456383,0.45047128,-0.93553734,0.44282964
2012-03-09,0.062065944,0.56522715,0.37270686,-0.5031612,0.40485704,-0.94308627,0.6066675
2012-03-12,0.12245351,0.45666397,0.42088252,-0.33421043,0.46853682,-0.9353777,0.7391662
2012-03-13,0.11404153,0.43333107,0.45262736,-0.31928957,0.48688886,-0.9506441,0.80974275
2012-03-14,0.051287025,0.58558166,0.36313128,-0.5342946,0.37369192,-0.9275745,0.17853217
2012-03-15,0.06590151,0.6439067,0.29019174,-0.5780052,0.4041386,-0.93545735,0.62654763
2012-03-16,0.16807054,0.43288943,0.39903998,-0.2648189,0.521767,-0.9221818,0.9338837
2012-03-19,0.095047146,0.37297976,0.53197306,-0.27793264,0.44393864,-0.94207215,0.7812268
2012-03-20,0.14094684,0.29982498,0.5592282,-0.15887815,0.4348078,-0.90761125,0.634112
2012-03-21,0.15790163,0.46179265,0.3803057,-0.303891,0.5421191,-0.94904935,0.83336323
2012-03-22,0.037438523,0.60506076,0.35750076,-0.5676222,0.3058646,-0.94737846,0.09278601
2012-03-23,0.11585798,0.48398486,0.40015712,-0.3681269,0.45284468,-0.947591,0.6646953
2012-03-26,0.096320055,0.44201228,0.46166763,-0.34569225,0.47543845,-0.9282137,0.65607125
2012-03-27,0.17268349,0.45744792,0.36986855,-0.28476447,0.57317954,-0.9360126,0.88584745
2012-03-28,0.17922765,0.33786023,0.4829121,-0.15863258,0.5307799,-0.93502575,0.92804825
2012-03-29,0.11560604,0.45353454,0.43085942,-0.33792847,0.5138302,-0.91629714,0.9233118
2012-03-30,0.113892965,0.3922581,0.4938489,-0.2783651,0.47381532,-0.947902,0.90541756
2012-04-02,0.081982575,0.4228213,0.49519616,-0.3408387,0.44435406,-0.93561095,0.2939081
2012-04-03,0.09891949,0.41924793,0.48183262,-0.3203284,0.43544424,-0.94207937,0.6837142
2012-04-04,0.11505147,0.4791197,0.40582886,-0.36406818,0.481769,-0.9394563,0.8795202
2012-04-05,0.07463408,0.47203708,0.45332885,-0.397403,0.43924227,-0.9543022,0.78642094
2012-04-09,0.098644294,0.4540371,0.44731858,-0.35539284,0.4781165,-0.9478749,0.8516131
2012-04-10,0.14148802,0.33644038,0.5220716,-0.19495241,0.41252527,-0.92499495,0.82367563
2012-04-11,0.10200091,0.48633575,0.41166332,-0.38433483,0.46158192,-0.9546213,0.83470225
2012-04-12,0.095186196,0.5201425,0.3846713,-0.42495632,0.4301524,-0.9133768,0.60106254
2012-04-13,0.05044763,0.5427952,0.40675718,-0.49234757,0.39302364,-0.9542804,0.18412673
2012-04-16,0.1465876,0.46114662,0.39226577,-0.314559,0.53309464,-0.9313932,0.7442447
2012-04-17,0.0714139,0.43958613,0.48899996,-0.36817223,0.3744898,-0.9246141,0.1790167
2012-04-18,0.11439389,0.283087,0.6025191,-0.16869308,0.3392631,-0.820366,0.50902534
2012-04-19,0.115929976,0.46549365,0.41857636,-0.34956375,0.4545494,-0.89498043,0.64390236
2012-04-20,0.07004425,0.5670482,0.3629076,-0.49700397,0.33859888,-0.9276196,0.10893409
2012-04-23,0.10213975,0.3307942,0.56706613,-0.2286544,0.43534493,-0.952285,0.5824056
2012-04-24,0.16175193,0.40959355,0.4286545,-0.24784166,0.5101226,-0.93754256,0.91709363
2012-04-25,0.064264506,0.4328498,0.50288564,-0.36858532,0.39985308,-0.95156556,0.21784818
2012-04-26,0.111131646,0.3941321,0.49473622,-0.28300044,0.43568912,-0.9141583,0.70315033
2012-04-27,0.11860925,0.5415704,0.33982036,-0.42296115,0.47479188,-0.93265027,0.8420652
2012-04-30,0.07304977,0.50955963,0.41739056,-0.43650985,0.43905994,-0.93191475,0.731943
2012-05-01,0.08531604,0.34131116,0.5733728,-0.25599512,0.4075275,-0.93025285,0.78455496
2012-05-02,0.12792167,0.4162249,0.45585346,-0.2883032,0.4876954,-0.9539697,0.84604245
2012-05-03,0.08381363,0.46767795,0.4485084,-0.3838643,0.4302747,-0.93231094,0.46899924
2012-05-04,0.1281828,0.41217598,0.45964128,-0.28399318,0.51468605,-0.9540862,0.8788425
2012-05-07,0.098241985,0.4587756,0.4429824,-0.3605336,0.4799038,-0.93144053,0.77237475
2012-05-08,0.16711925,0.37303212,0.45984867,-0.20591284,0.5098627,-0.94022816,0.81915545
2012-05-09,0.15843812,0.38826507,0.4532968,-0.22982694,0.52186966,-0.89452463,0.8939765
2012-05-10,0.1632687,0.42282617,0.4139051,-0.2595575,0.5455192,-0.9039983,0.80499977
2012-05-11,0.10981366,0.4956684,0.39451793,-0.38585475,0.48929024,-0.936094,0.8002052
2012-05-14,0.050407805,0.57607603,0.3735162,-0.5256682,0.3675112,-0.9294707,0.08509583
2012-05-15,0.092926614,0.48591164,0.42116174,-0.392985,0.4536275,-0.94740283,0.8066009
2012-05-16,0.052797947,0.50774735,0.43945467,-0.45494947,0.34279722,-0.93098485,0.2013251
2012-05-17,0.04440333,0.6884739,0.26712275,-0.64407057,0.3708732,-0.9594479,0.14146762
2012-05-18,0.10732902,0.51511806,0.3775529,-0.40778908,0.46699134,-0.94910604,0.6757987
2012-05-21,0.17462544,0.44513053,0.38024402,-0.27050507,0.5420835,-0.9235485,0.85644776
2012-05-22,0.110134326,0.49642104,0.3934446,-0.38628674,0.52700734,-0.92513704,0.812145
2012-05-23,0.056307673,0.46936345,0.47432888,-0.4130558,0.3907035,-0.95299935,0.15415648
2012-05-24,0.08941817,0.44705918,0.46352264,-0.35764104,0.43245497,-0.95154846,0.25018764
2012-05-25,0.055983257,0.50444114,0.43957558,-0.4484579,0.39374387,-0.9228143,0.1385445
2012-05-29,0.08976607,0.56839037,0.3418436,-0.47862425,0.37952772,-0.92700624,0.2544826
2012-05-30,0.11051291,0.50875264,0.38073444,-0.39823967,0.50905865,-0.9478807,0.7835739
2012-05-31,0.05905035,0.43490833,0.50604135,-0.37585792,0.3648934,-0.9485267,0.28323263
2012-06-01,0.0929977,0.57565236,0.3313499,-0.48265466,0.5012282,-0.93275756,0.79132855
2012-06-04,0.075385,0.5551598,0.36945516,-0.47977486,0.4021939,-0.9530535,0.20437357
2012-06-05,0.14554779,0.5078812,0.34657097,-0.36233348,0.56358826,-0.9064936,0.9244362
2012-06-06,0.07855921,0.5339394,0.3875013,-0.4553802,0.44042963,-0.95934135,0.39897364
2012-06-07,0.094312936,0.41030452,0.49538255,-0.31599164,0.42345387,-0.849814,0.74728364
2012-06-08,0.12187773,0.5007573,0.37736502,-0.37887952,0.5064216,-0.90470105,0.79241997
2012-06-11,0.09961057,0.42735398,0.4730355,-0.32774338,0.48499408,-0.93450457,0.83853465
2012-06-12,0.05957582,0.5141039,0.42632025,-0.4545281,0.37547186,-0.9618012,0.17657933
2012-06-13,0.115902826,0.43553558,0.44856164,-0.31963274,0.51026434,-0.9617499,0.78853136
2012-06-14,0.11418447,0.48209438,0.40372112,-0.36790994,0.46937057,-0.9266909,0.7344052
2012-06-15,0.12011,0.39556748,0.48432252,-0.2754575,0.4558169,-0.9025902,0.89887846
2012-06-18,0.087784566,0.48041347,0.43180197,-0.3926289,0.44338053,-0.9455192,0.5525432
2012-06-19,0.10758554,0.46668774,0.4257267,-0.35910216,0.4833334,-0.9621668,0.72786784
2012-06-20,0.051972605,0.61227494,0.3357524,-0.5603024,0.36732045,-0.9430487,0.35577404
2012-06-21,0.18430606,0.4332944,0.38239956,-0.24898835,0.5860635,-0.93281966,0.92614454
2012-06-22,0.099487476,0.5312244,0.36928806,-0.43173698,0.46236405,-0.939436,0.8791034
2012-06-25,0.13980079,0.33768663,0.5225126,-0.19788581,0.4466585,-0.9128764,0.695349
2012-06-26,0.085842445,0.50594485,0.40821275,-0.42010236,0.41961324,-0.93048894,0.38123482
2012-06-27,0.09775131,0.46859756,0.43365115,-0.3708462,0.4307619,-0.95431644,0.48038667
2012-06-28,0.088281386,0.48758724,0.4241314,-0.39930585,0.4496723,-0.9488716,0.7064117
2012-06-29,0.086109444,0.55673796,0.35715264,-0.4706285,0.4338704,-0.9402578,0.565707
2012-07-02,0.10883652,0.391622,0.49954146,-0.2827855,0.451639,-0.9370444,0.46951625
2012-07-03,0.08427997,0.5544121,0.36130798,-0.47013214,0.46517032,-0.9530268,0.9004005
2012-07-05,0.076244004,0.46409488,0.4596611,-0.38785094,0.41017982,-0.9348289,0.5200665
2012-07-06,0.11351272,0.5005182,0.38596913,-0.38700545,0.4761031,-0.94421965,0.83794475
2012-07-09,0.1278562,0.495856,0.37628785,-0.36799976,0.5124506,-0.95506454,0.7691888
2012-07-10,0.053884495,0.50157976,0.44453576,-0.44769523,0.3774731,-0.92639786,0.13796201
2012-07-11,0.07435305,0.47813842,0.4475085,-0.4037854,0.41457793,-0.92945784,0.68841785
2012-07-12,0.11180108,0.3905687,0.4976302,-0.27876768,0.43370482,-0.93061155,0.7602608
2012-07-13,0.0836328,0.5855872,0.33078,-0.50195444,0.44371027,-0.955571,0.74456936
2012-07-16,0.068983115,0.5393863,0.3916306,-0.47040313,0.41441014,-0.9373668,0.23723868
2012-07-17,0.0760693,0.46100014,0.46293053,-0.38493085,0.41281337,-0.92695034,0.6497587
2012-07-18,0.09332954,0.5995311,0.3071393,-0.5062016,0.4630454,-0.9255136,0.64325947
2012-07-19,0.09613173,0.52369636,0.38017192,-0.42756465,0.4835263,-0.9420285,0.85208195
2012-07-20,0.06817997,0.4639854,0.46783462,-0.39580545,0.40935618,-0.9318401,0.7172262
2012-07-23,0.02749152,0.64149773,0.3310108,-0.6140062,0.36020917,-0.9452683,0.006215792
2012-07-24,0.08747674,0.5010615,0.4114618,-0.4135847,0.43833834,-0.9000088,0.50768214
2012-07-25,0.06108979,0.41422653,0.5246837,-0.35313672,0.3684673,-0.9106453,0.42058054
2012-07-26,0.101076305,0.5135688,0.38535482,-0.41249257,0.4735011,-0.93894565,0.5370001
2012-07-27,0.16579998,0.33010235,0.5040977,-0.16430233,0.50707674,-0.95010734,0.92077076
2012-07-30,0.14741477,0.5106019,0.34198338,-0.3631871,0.5476378,-0.9329784,0.8896509
2012-07-31,0.06611591,0.5834492,0.35043487,-0.51733327,0.41460192,-0.9426606,0.7538461
2012-08-01,0.075561956,0.56219804,0.36223996,-0.48663616,0.47563264,-0.9653535,0.78818125
2012-08-02,0.095612094,0.42025262,0.48413527,-0.32464054,0.43849543,-0.9361765,0.5042483
2012-08-03,0.14120074,0.4819948,0.37680444,-0.34079412,0.5535244,-0.95549124,0.77050954
2012-08-06,0.09073152,0.5652236,0.34404492,-0.47449207,0.44112977,-0.9426304,0.6681196
2012-08-07,0.07981686,0.51810646,0.40207663,-0.4382896,0.43759596,-0.9340001,0.9030944
2012-08-08,0.08891006,0.43799877,0.47309116,-0.34908876,0.42489633,-0.94263196,0.67666215
2012-08-09,0.06684546,0.58899254,0.34416202,-0.52214706,0.40569824,-0.95188653,0.4311105
2012-08-10,0.08857757,0.49610326,0.41531917,-0.40752566,0.4637313,-0.941938,0.82075715
2012-08-13,0.08346002,0.50557405,0.41096592,-0.422114,0.46930477,-0.9501088,0.79697716
2012-08-14,0.09003643,0.48856604,0.42139757,-0.39852965,0.45024914,-0.8891093,0.629719
2012-08-15,0.09863342,0.4811686,0.420198,-0.38253516,0.47082314,-0.934396,0.88464093
2012-08-16,0.050987344,0.48103645,0.46797615,-0.4300491,0.34536186,-0.91718924,0.2073719
2012-08-17,0.04223936,0.46933758,0.488423,-0.42709827,0.3690964,-0.9664581,0.12458179
2012-08-20,0.10346261,0.52664095,0.36989647,-0.4231783,0.50564647,-0.9495446,0.9213764
2012-08-21,0.18735932,0.3636386,0.44900203,-0.17627934,0.4893527,-0.879562,0.780945
2012-08-22,0.07521651,0.5052178,0.41956565,-0.43000135,0.4145279,-0.9261201,0.5611573
2012-08-23,0.055748086,0.49562386,0.44862813,-0.43987572,0.34309095,-0.9481293,0.17588422
2012-08-24,0.109982215,0.4013489,0.4886689,-0.29136667,0.43300056,-0.94689983,0.9203259
2012-08-27,0.060042035,0.51880485,0.4211531,-0.45876282,0.40051427,-0.9453564,0.22110711
2012-08-28,0.108807266,0.50373745,0.38745528,-0.39493015,0.5017268,-0.92118067,0.6603083
2012-08-29,0.07889718,0.52099687,0.40010598,-0.4420997,0.47276425,-0.9419484,0.5606987
2012-08-30,0.09488677,0.5197035,0.3854097,-0.42481673,0.45883572,-0.9133369,0.814
2012-08-31,0.058066998,0.5509078,0.39102525,-0.49284077,0.38666406,-0.95698327,0.28787258
2012-09-04,0.06793317,0.48253846,0.4495284,-0.4146053,0.44802207,-0.95747924,0.3383304
2012-09-05,0.07147776,0.42816624,0.50035596,-0.3566885,0.37512848,-0.9027478,0.4798675
2012-09-06,0.13974509,0.359295,0.5009599,-0.21954992,0.49366412,-0.92815936,0.77917975
2012-09-07,0.07064684,0.49667564,0.43267754,-0.4260288,0.4344083,-0.93285066,0.35302028
2012-09-10,0.1069353,0.425355,0.4677097,-0.3184197,0.45099998,-0.94828415,0.7056014
2012-09-11,0.12942213,0.41945943,0.45111844,-0.29003733,0.5234999,-0.90013874,0.8916857
2012-09-12,0.08668607,0.5527704,0.3605436,-0.4660843,0.45956618,-0.88092554,0.8725744
2012-09-13,0.058164295,0.47202754,0.46980813,-0.4138632,0.35506698,-0.905889,0.21716943
2012-09-14,0.07645367,0.4396722,0.48387408,-0.36321855,0.37527177,-0.9130966,0.19233388
2012-09-17,0.055693164,0.4520294,0.4922774,-0.3963363,0.35733038,-0.9316521,0.17864147
2012-09-18,0.15679885,0.5389214,0.30427977,-0.38212255,0.5296309,-0.94164777,0.74806255
2012-09-19,0.04261057,0.5386371,0.4187523,-0.49602655,0.36935833,-0.9327618,0.18570141
2012-09-20,0.10378445,0.47201765,0.4241979,-0.36823314,0.40061644,-0.9041794,0.36458498
2012-09-21,0.05812477,0.5339336,0.40794164,-0.4758088,0.3487346,-0.9339588,0.16529927
2012-09-24,0.09470875,0.57470024,0.33059105,-0.4799915,0.42278463,-0.94206065,0.90932405
2012-09-25,0.15380411,0.37518585,0.47101006,-0.22138178,0.47648498,-0.9015421,0.84546554
2012-09-26,0.11158132,0.4719413,0.41647735,-0.36036,0.43291903,-0.89748216,0.6920927
2012-09-27,0.08311077,0.3712026,0.54568666,-0.28809178,0.40855595,-0.8794893,0.64986
2012-09-28,0.1565096,0.36961326,0.4738771,-0.21310368,0.50396174,-0.9383217,0.8862112
2012-10-01,0.07262206,0.55244917,0.37492877,-0.4798271,0.39169243,-0.94270223,0.34094274
2012-10-02,0.09122934,0.5447614,0.36400926,-0.45353207,0.51961625,-0.95766133,0.64183116
2012-10-03,0.121691234,0.5067944,0.3715144,-0.3851031,0.522919,-0.8862306,0.78561133
2012-10-04,0.08212504,0.5049645,0.41291055,-0.42283934,0.42356253,-0.92811596,0.5193741
2012-10-05,0.13365826,0.39624178,0.4701,-0.26258352,0.41923708,-0.93972576,0.672982
2012-10-08,0.0650829,0.4685398,0.4663773,-0.40345687,0.39756048,-0.9490988,0.44059387
2012-10-09,0.106513746,0.5499496,0.34353662,-0.44343585,0.48478836,-0.93014777,0.65201855
2012-10-10,0.11577668,0.39245796,0.4917654,-0.27668127,0.4941691,-0.94077295,0.8859208
2012-10-11,0.102786675,0.5777612,0.3194521,-0.47497454,0.45148176,-0.9410437,0.4906
2012-10-12,0.063015275,0.4812017,0.455783,-0.41818643,0.40351778,-0.9342445,0.395358
2012-10-15,0.15921894,0.36506358,0.4757174,-0.2058447,0.5174065,-0.957599,0.74680847
2012-10-16,0.046393517,0.47079986,0.48280662,-0.42440635,0.3866608,-0.9561233,0.10455745
2012-10-17,0.11340624,0.5346558,0.351938,-0.42124954,0.5122934,-0.9574709,0.7946276
2012-10-18,0.06548201,0.5782555,0.3562625,-0.51277345,0.39288977,-0.9025213,0.47597626
2012-10-19,0.099592425,0.3439144,0.55649316,-0.24432194,0.47971472,-0.964904,0.60376465
2012-10-22,0.09079981,0.54411733,0.36508286,-0.45331755,0.47640538,-0.957707,0.90882003
2012-10-23,0.07460062,0.47567216,0.4497272,-0.40107155,0.41120148,-0.9553144,0.4725066
2012-10-24,0.15265805,0.42902976,0.41831222,-0.2763717,0.49578264,-0.90246624,0.71536326
2012-10-25,0.10952026,0.4855595,0.40492028,-0.37603924,0.47456452,-0.95454025,0.77994996
2012-10-26,0.07438805,0.57707447,0.34853747,-0.50268644,0.4045495,-0.9115384,0.6973968
2012-10-31,0.047482934,0.558144,0.39437312,-0.510661,0.40266106,-0.96477544,0.2960121
2012-11-01,0.13140921,0.4161622,0.45242855,-0.284753,0.47476384,-0.95121133,0.71127516
2012-11-02,0.10975228,0.5322772,0.3579705,-0.42252496,0.49861002,-0.93677646,0.89369166
2012-11-05,0.106054775,0.6143723,0.2795729,-0.5083176,0.48721164,-0.95005083,0.92349154
2012-11-06,0.189276,0.41843197,0.39229205,-0.22915596,0.58002913,-0.9127723,0.91524464
2012-11-07,0.12642954,0.4619902,0.41158026,-0.33556065,0.4697715,-0.92085844,0.5163398
2012-11-08,0.06675974,0.43653542,0.49670482,-0.36977565,0.37238017,-0.93690264,0.20179059
2012-11-09,0.15328422,0.4213576,0.4253582,-0.26807338,0.51507425,-0.9197964,0.7629992
2012-11-12,0.11043637,0.50125504,0.38830855,-0.39081872,0.4775969,-0.92425674,0.7375199
2012-11-13,0.056035947,0.59310216,0.35086194,-0.53706616,0.39418522,-0.93659556,0.46871588
2012-11-14,0.18685505,0.38976276,0.42338216,-0.20290771,0.53644884,-0.89644176,0.90387017
2012-11-15,0.06881629,0.61261284,0.3185709,-0.5437965,0.35776272,-0.9586161,0.45021737
2012-11-16,0.121287346,0.61930037,0.25941226,-0.49801305,0.503143,-0.95262325,0.81505036
2012-11-19,0.08796649,0.58092904,0.33110455,-0.49296248,0.4447131,-0.96547496,0.44094932
2012-11-20,0.09777903,0.52298605,0.37923497,-0.42520696,0.4444491,-0.944434,0.9027466
2012-11-21,0.07232639,0.57004374,0.3576299,-0.4977173,0.39898923,-0.91460896,0.52847594
2012-11-23,0.069592215,0.53305346,0.3973543,-0.46346122,0.43306798,-0.9155238,0.6764818
2012-11-26,0.10532276,0.4800085,0.41466874,-0.37468573,0.50196207,-0.94695663,0.9165104
2012-11-27,0.11855395,0.43946972,0.4419763,-0.32091576,0.46292934,-0.9419345,0.7248064
2012-11-28,0.11140163,0.33473685,0.5538615,-0.2233352,0.44594294,-0.96404487,0.91456825
2012-11-29,0.12504819,0.5279293,0.34702256,-0.40288112,0.5526277,-0.9456783,0.9006664
2012-11-30,0.13763672,0.4098971,0.45246616,-0.27226034,0.53276485,-0.95136327,0.82955676
2012-12-03,0.099950105,0.54642236,0.3536276,-0.44647226,0.4934588,-0.9415765,0.9270222
2012-12-04,0.12064023,0.49418372,0.38517606,-0.37354347,0.5013749,-0.95024675,0.86549217
2012-12-05,0.089287646,0.6283133,0.28239906,-0.5390256,0.45839995,-0.95837486,0.60953367
2012-12-06,0.081131674,0.53326994,0.38559836,-0.4521383,0.42922202,-0.91586065,0.72100985
2012-12-07,0.05838002,0.5710335,0.37058643,-0.5126535,0.3930826,-0.93755525,0.2608763
2012-12-10,0.046447434,0.58132243,0.37223014,-0.534875,0.390273,-0.9604734,0.20033443
2012-12-11,0.058998648,0.5153114,0.42568997,-0.45631275,0.41422132,-0.9639466,0.57713836
2012-12-12,0.078706525,0.24678707,0.67450637,-0.16808055,0.35053906,-0.93107194,0.43476415
2012-12-13,0.07770362,0.48417604,0.4381203,-0.40647244,0.40503484,-0.92244655,0.4715655
2012-12-14,0.102072045,0.4909563,0.40697163,-0.38888425,0.4886817,-0.92283577,0.7206916
2012-12-17,0.060931664,0.5187588,0.4203095,-0.45782715,0.36249265,-0.9124637,0.36650613
2012-12-18,0.09688371,0.5165492,0.3865671,-0.4196655,0.42382014,-0.9243053,0.49065664
2012-12-19,0.07016537,0.5615205,0.36831418,-0.4913551,0.42106447,-0.9381887,0.6234787
2012-12-20,0.07172292,0.4228438,0.50543326,-0.35112092,0.38648814,-0.9099979,0.5830201
2012-12-21,0.056302782,0.4305626,0.5131346,-0.3742598,0.37600905,-0.9348724,0.22380574
2012-12-24,0.15102494,0.57482195,0.2741531,-0.42379707,0.5481286,-0.9227364,0.89996946
2012-12-26,0.12166803,0.50335485,0.37497714,-0.38168678,0.5067221,-0.9403445,0.87697995
2012-12-27,0.14977594,0.35178018,0.49844387,-0.20200422,0.48526102,-0.9309911,0.7149881
2012-12-28,0.041035317,0.6410275,0.31793714,-0.5999922,0.30244482,-0.9467801,0.09164044
2012-12-31,0.1069006,0.43649566,0.45660374,-0.32959506,0.45891345,-0.95459074,0.84653884
2013-01-02,0.11214155,0.59802973,0.28982875,-0.48588812,0.5576822,-0.9625108,0.9237045
2013-01-03,0.094369605,0.38610753,0.5195229,-0.2917379,0.44142324,-0.90326834,0.8886815
2013-01-04,0.06669432,0.5742666,0.35903904,-0.5075723,0.41326785,-0.9566875,0.7715996
2013-01-07,0.114065304,0.49219817,0.39373648,-0.3781329,0.51293665,-0.9547914,0.6314962
2013-01-08,0.08299811,0.5341081,0.3828938,-0.45111004,0.46640736,-0.96241957,0.86336267
2013-01-09,0.092132404,0.45905355,0.448814,-0.36692113,0.47293913,-0.9481798,0.8774948
2013-01-10,0.092444986,0.44500485,0.46255016,-0.3525598,0.44543728,-0.94730765,0.66601527
2013-01-11,0.145555,0.37335938,0.48108563,-0.22780438,0.46240634,-0.86372966,0.88087285
2013-01-14,0.2135693,0.4853813,0.30104932,-0.27181208,0.6225657,-0.9476126,0.9274442
2013-01-15,0.10570878,0.4398403,0.4544509,-0.3341315,0.45125014,-0.8948621,0.77783597
2013-01-16,0.13931416,0.4723614,0.38832447,-0.33304727,0.5499111,-0.94873863,0.8666215
2013-01-17,0.13725491,0.44087455,0.42187053,-0.30361962,0.47780347,-0.9319545,0.8784273
2013-01-18,0.16866505,0.32221046,0.5091245,-0.15354542,0.49907327,-0.9475281,0.7808604
2013-01-22,0.09304319,0.5092975,0.3976593,-0.4162543,0.43144566,-0.95345515,0.7716026
2013-01-23,0.08688943,0.46693498,0.44617558,-0.3800455,0.40778255,-0.94483227,0.32650384
2013-01-24,0.098746054,0.42371762,0.47753632,-0.3249716,0.4414825,-0.9554226,0.4997623
2013-01-25,0.06835129,0.5463677,0.38528097,-0.47801644,0.44564122,-0.94891256,0.23312965
2013-01-28,0.10688524,0.47249386,0.4206209,-0.36560863,0.44580746,-0.94052255,0.80491793
2013-01-29,0.09353509,0.44000068,0.46646428,-0.34646562,0.47429729,-0.94787014,0.89756936
2013-01-30,0.11260256,0.45709312,0.43030426,-0.3444906,0.48214173,-0.94802916,0.62943757
2013-01-31,0.15896101,0.42475578,0.41628322,-0.26579478,0.4987257,-0.92649424,0.928248
2013-02-01,0.09613831,0.51163983,0.39222184,-0.4155015,0.515554,-0.93835914,0.8672387
2013-02-04,0.054403782,0.459381,0.48621514,-0.4049773,0.34566885,-0.93480563,0.1133057
2013-02-05,0.062738225,0.5169176,0.42034417,-0.45417935,0.41268587,-0.9468379,0.16169673
2013-02-06,0.085366614,0.50246465,0.41216874,-0.41709808,0.4272272,-0.9330496,0.8335319
2013-02-07,0.12586908,0.38896683,0.4851641,-0.26309773,0.4771729,-0.931637,0.7267875
2013-02-08,0.058883034,0.45140496,0.48971203,-0.3925219,0.37438172,-0.94910717,0.15106925
2013-02-11,0.12917395,0.38312584,0.48770022,-0.2539519,0.47359905,-0.90110517,0.8986869
2013-02-12,0.07710606,0.42753562,0.49535832,-0.3504295,0.3764518,-0.9244904,0.51321816
2013-02-13,0.10058772,0.45283672,0.44657555,-0.35224906,0.50413686,-0.9283646,0.862491
2013-02-14,0.08756449,0.5085649,0.40387067,-0.42100036,0.46306643,-0.9313234,0.49470058
2013-02-15,0.088083744,0.4615111,0.45040515,-0.3734274,0.46579364,-0.936201,0.84833723
2013-02-19,0.06044403,0.46933255,0.4702234,-0.40888858,0.4046281,-0.8916696,0.4992917
2013-02-20,0.0558353,0.40044823,0.5437165,-0.34461293,0.39482194,-0.9203473,0.17199096
2013-02-21,0.058985833,0.53677064,0.40424356,-0.47778475,0.4402948,-0.9484419,0.24435934
2013-02-22,0.117594115,0.43469104,0.4477148,-0.31709695,0.48493123,-0.89772654,0.93246967
2013-02-25,0.17361622,0.32395715,0.5024266,-0.15034093,0.46646276,-0.94886065,0.80312824
2013-02-26,0.05333741,0.58661956,0.36004308,-0.5332821,0.3545269,-0.9658825,0.16537881
2013-02-27,0.08029734,0.60033727,0.31936538,-0.52004,0.43080974,-0.8996159,0.76022744
2013-02-28,0.12232219,0.4243557,0.4533221,-0.3020335,0.4790202,-0.9404254,0.7895532
2013-03-01,0.15119225,0.41882464,0.4299831,-0.26763242,0.52051187,-0.93637043,0.6348375
2013-03-04,0.11118531,0.43194413,0.45687062,-0.3207588,0.49508727,-0.954879,0.87753296
2013-03-05,0.039721407,0.5738985,0.38638002,-0.5341771,0.33730614,-0.9493652,-0.003454879
2013-03-06,0.13308235,0.53970635,0.3272113,-0.406624,0.55401194,-0.9220169,0.8669522
2013-03-07,0.063634776,0.5144237,0.42194152,-0.45078892,0.40674016,-0.95190436,0.46375957
2013-03-08,0.11537762,0.38559827,0.49902412,-0.27022064,0.47623447,-0.91586435,0.68916565
2013-03-11,0.060803328,0.5518892,0.38730747,-0.49108583,0.41846702,-0.95158726,0.2804187
2013-03-12,0.12835957,0.48479608,0.38684434,-0.35643646,0.4870829,-0.93839025,0.8972646
2013-03-13,0.081036456,0.421677,0.49728662,-0.3406405,0.4300581,-0.90095484,0.37997532
2013-03-14,0.113761276,0.38212708,0.50411165,-0.26836577,0.48035735,-0.9466656,0.87843704
2013-03-15,0.06375995,0.48703358,0.44920647,-0.42327362,0.42115697,-0.9486096,0.30477443
2013-03-18,0.16746208,0.4653932,0.36714476,-0.29793108,0.5347016,-0.9122372,0.83494955
2013-03-19,0.12967159,0.5102796,0.36004883,-0.38060805,0.47981465,-0.9314618,0.7114881
2013-03-20,0.07927722,0.5060125,0.4147103,-0.4267352,0.4523718,-0.94778395,0.21349283
2013-03-21,0.046829835,0.47583032,0.47733986,-0.42900047,0.38632724,-0.94818527,0.09021586
2013-03-22,0.12131558,0.39270255,0.48598185,-0.27138698,0.40325293,-0.94245857,0.72600394
2013-03-25,0.08073128,0.4990909,0.42017776,-0.41835967,0.394835,-0.9282153,0.46214008
2013-03-26,0.11710043,0.42157686,0.4613227,-0.30447644,0.5034627,-0.9451571,0.6982298
2013-03-27,0.080211505,0.46374175,0.45604667,-0.38353026,0.46372062,-0.9464182,0.8463671
2013-03-28,0.14895564,0.43963185,0.4114125,-0.29067624,0.52901304,-0.9349982,0.90379375
2013-04-01,0.1352915,0.44299275,0.42171577,-0.30770126,0.5163194,-0.9644315,0.57913905
2013-04-02,0.13820584,0.41935107,0.44244307,-0.28114524,0.45197186,-0.94528943,0.5754762
2013-04-03,0.08181051,0.39406684,0.5241227,-0.3122563,0.43343213,-0.95559734,0.5320253
2013-04-04,0.122512944,0.3985567,0.47893035,-0.2760438,0.43903244,-0.9159401,0.7846275
2013-04-05,0.14026356,0.41420722,0.44552925,-0.27394366,0.48285583,-0.90776384,0.814913
2013-04-08,0.1128298,0.4324923,0.45467788,-0.31966254,0.49464038,-0.9317447,0.7406574
2013-04-09,0.11249814,0.30228135,0.5852206,-0.18978322,0.34925333,-0.8855744,0.53184116
2013-04-10,0.18553548,0.30504292,0.5094216,-0.119507454,0.50626403,-0.8628532,0.85170925
2013-04-11,0.11867258,0.49123704,0.3900904,-0.37256444,0.48682415,-0.9633695,0.70264477
2013-04-12,0.16045725,0.19649446,0.64304835,-0.036037203,0.4238997,-0.8502832,0.9142583
2013-04-15,0.12589875,0.39869785,0.4754034,-0.2727991,0.4985773,-0.9326082,0.91043645
2013-04-16,0.0693391,0.5027371,0.42792377,-0.433398,0.43471214,-0.90953285,0.590673
2013-04-17,0.08108568,0.48059574,0.43831855,-0.3995101,0.4369562,-0.909787,0.35138923
2013-04-18,0.109205514,0.49612063,0.39467385,-0.3869151,0.44180205,-0.9160756,0.66078466
2013-04-19,0.08432607,0.49173152,0.4239424,-0.40740547,0.48386514,-0.93262374,0.55792385
2013-04-22,0.18510382,0.4166942,0.39820197,-0.2315904,0.573086,-0.91340923,0.8865452
2013-04-23,0.051134,0.5301109,0.41875514,-0.47897685,0.3362153,-0.92702967,0.13950345
2013-04-24,0.10499895,0.49322015,0.4017809,-0.3882212,0.4612905,-0.933857,0.7619545
2013-04-25,0.1120421,0.41502193,0.47293603,-0.30297983,0.4670701,-0.96164143,0.7551956
2013-04-26,0.073012464,0.5394345,0.38755307,-0.466422,0.43261364,-0.95090646,0.43593392
2013-04-29,0.036289543,0.5271358,0.43657467,-0.49084625,0.32909122,-0.9358893,0.016240247
2013-04-30,0.14910544,0.44573876,0.40515575,-0.29663333,0.5113252,-0.9614943,0.8098379
2013-05-01,0.12693182,0.3403752,0.532693,-0.2134434,0.4761842,-0.9440437,0.8718924
2013-05-02,0.08345472,0.4247609,0.49178433,-0.34130618,0.395094,-0.9258987,0.6622444
2013-05-03,0.10456381,0.4938974,0.40153882,-0.3893336,0.47977448,-0.95721155,0.7518613
2013-05-06,0.1037415,0.5759887,0.32026976,-0.47224724,0.51383126,-0.94241565,0.8457109
2013-05-07,0.1061527,0.604254,0.2895933,-0.49810135,0.46110287,-0.95179164,0.8031431
2013-05-08,0.058575563,0.40577674,0.5356477,-0.34720117,0.3674147,-0.9476444,0.24335249
2013-05-09,0.11670484,0.41774705,0.46554816,-0.3010422,0.47317415,-0.92251444,0.8887077
2013-05-10,0.07347057,0.475843,0.45068642,-0.40237245,0.41287184,-0.9022279,0.5070997
2013-05-13,0.06329258,0.4767431,0.45996433,-0.4134505,0.4338431,-0.9175272,0.8950164
2013-05-14,0.15448481,0.25583917,0.58967596,-0.10135436,0.38608637,-0.8833153,0.61185646
2013-05-15,0.0899019,0.51517516,0.3949229,-0.4252733,0.42863834,-0.95536643,0.22939368
2013-05-16,0.10382975,0.41505688,0.4811134,-0.31122714,0.46389517,-0.9000293,0.6883444
2013-05-17,0.092965744,0.5327079,0.3743263,-0.43974218,0.45305786,-0.95265883,0.7881684
2013-05-20,0.092544585,0.40668014,0.50077516,-0.31413558,0.44207314,-0.89743656,0.85249436
2013-05-21,0.08905079,0.3918656,0.51908356,-0.3028148,0.38513362,-0.8532172,0.5478624
2013-05-22,0.12522721,0.5026941,0.37207866,-0.37746686,0.48868966,-0.9357719,0.9020647
2013-05-23,0.048350252,0.6141124,0.33753732,-0.56576216,0.35592604,-0.95910394,0.28346306
2013-05-24,0.055996865,0.59316427,0.35083893,-0.5371674,0.4093399,-0.93664867,0.3028384
2013-05-28,0.11445462,0.6102338,0.2753116,-0.4957792,0.51193696,-0.9481067,0.77613527
2013-05-29,0.12742335,0.5029063,0.36967027,-0.375483,0.525345,-0.92848355,0.83623445
2013-05-30,0.11971159,0.5258489,0.3544395,-0.40613732,0.51575506,-0.9304921,0.88864356
2013-05-31,0.066627815,0.41099316,0.52237904,-0.34436536,0.38834757,-0.9288201,0.2827115
2013-06-03,0.060617857,0.5751889,0.36419323,-0.514571,0.3843283,-0.9261492,0.620852
2013-06-04,0.05879833,0.6067698,0.33443183,-0.5479715,0.37555563,-0.9526293,0.1221749
2013-06-05,0.08380126,0.49745628,0.41874242,-0.413655,0.4127381,-0.9373113,0.56755435
2013-06-06,0.11362652,0.47718182,0.40919164,-0.3635553,0.46319887,-0.9010435,0.7969821
2013-06-07,0.084837936,0.25122908,0.66393304,-0.16639115,0.32614234,-0.8687049,0.4183202
2013-06-10,0.059009176,0.39043117,0.55055964,-0.331422,0.39908823,-0.91988695,0.21865901
2013-06-11,0.12677713,0.3032819,0.5699409,-0.1765048,0.41588873,-0.7865577,0.795112
2013-06-12,0.05157903,0.464217,0.484204,-0.41263795,0.31623662,-0.9217025,0.21455103
2013-06-13,0.1053669,0.4287563,0.46587682,-0.3233894,0.4414805,-0.9555386,0.6755888
2013-06-14,0.13130732,0.41326335,0.45542923,-0.28195608,0.46287492,-0.8812038,0.8859077
2013-06-17,0.095989496,0.43494213,0.46906838,-0.33895263,0.42860472,-0.8733848,0.6721111
2013-06-18,0.07635492,0.47602263,0.44762248,-0.39966765,0.41449514,-0.91851825,0.3450228
2013-06-19,0.06462412,0.5302385,0.4051373,-0.46561444,0.37240493,-0.89849985,0.24077904
2013-06-20,0.072168685,0.5365082,0.39132318,-0.46433952,0.36775067,-0.9327825,0.43343177
2013-06-21,0.1246294,0.5302417,0.34512886,-0.40561238,0.53091747,-0.9557107,0.88580954
2013-06-24,0.06459874,0.53270227,0.40269896,-0.46810353,0.39940575,-0.9418576,0.74572325
2013-06-25,0.08186573,0.43245658,0.48567763,-0.35059085,0.41439828,-0.9042628,0.8489413
2013-06-26,0.06953586,0.4319583,0.49850586,-0.3624224,0.38116866,-0.942186,0.49755344
2013-06-27,0.09742467,0.3901761,0.5123992,-0.29275146,0.42509297,-0.941795,0.5892799
2013-06-28,0.08108016,0.508293,0.41062686,-0.4272128,0.44223773,-0.9059337,0.4782172
2013-07-01,0.078876466,0.48207083,0.43905273,-0.4031944,0.3999991,-0.8854889,0.69179654
2013-07-02,0.07529922,0.5174033,0.40729752,-0.44210407,0.4954898,-0.9412797,0.797965
2013-07-03,0.041773748,0.53029937,0.42792687,-0.48852557,0.30395424,-0.9329472,0.11747001
2013-07-05,0.124452144,0.46215668,0.41339123,-0.33770448,0.47198418,-0.91135526,0.7260508
2013-07-08,0.066247165,0.43620762,0.4975452,-0.36996043,0.39563864,-0.90299433,0.12897526
2013-07-09,0.073765665,0.50362235,0.42261195,-0.4298567,0.45731854,-0.96153927,0.561216
2013-07-10,0.08112567,0.47415292,0.44472146,-0.39302722,0.42716098,-0.938825,0.8167456
2013-07-11,0.130148,0.4872329,0.38261908,-0.35708493,0.51451963,-0.9370227,0.8965499
2013-07-12,0.12756568,0.265501,0.60693336,-0.13793534,0.39382842,-0.9417708,0.8442038
2013-07-15,0.10178681,0.34748298,0.5507302,-0.24569619,0.43603963,-0.9272821,0.7015623
2013-07-16,0.064762026,0.535366,0.39987195,-0.47060397,0.3897733,-0.87433535,0.61635303
2013-07-17,0.120236196,0.44925472,0.43050906,-0.32901847,0.5366836,-0.9181867,0.7282412
2013-07-18,0.10300098,0.6218892,0.2751098,-0.51888824,0.46137264,-0.9382776,0.6607797
2013-07-19,0.14056115,0.45331505,0.40612382,-0.31275395,0.51102734,-0.91986346,0.6921036
2013-07-22,0.14766443,0.4488245,0.40351108,-0.30116004,0.5450361,-0.9012607,0.92592597
2013-07-23,0.07052102,0.5543402,0.37513882,-0.48381916,0.41196528,-0.95550746,0.62924045
2013-07-24,0.0722305,0.6009493,0.3268202,-0.52871877,0.450313,-0.9362817,0.5924992
2013-07-25,0.09268591,0.4836411,0.42367303,-0.39095515,0.4239771,-0.94324017,0.7335014
2013-07-26,0.07059418,0.46881714,0.4605887,-0.39822295,0.37342983,-0.9005277,0.4200998
2013-07-29,0.05380225,0.45278662,0.4934111,-0.39898437,0.3795388,-0.91520923,0.12293289
2013-07-30,0.09125328,0.5104938,0.39825293,-0.41924053,0.45761895,-0.94549567,0.9269989
2013-07-31,0.12690118,0.36615235,0.5069465,-0.23925114,0.5112602,-0.949287,0.911844
2013-08-01,0.16517317,0.4850175,0.34980926,-0.31984437,0.56913555,-0.95910585,0.83602697
2013-08-02,0.07403304,0.5643329,0.36163408,-0.49029982,0.4097657,-0.9375058,0.28912035
2013-08-05,0.07391093,0.58464605,0.34144306,-0.5107351,0.45685214,-0.95297647,0.74717075
2013-08-06,0.055556905,0.5088282,0.43561485,-0.45327133,0.3533489,-0.9200401,0.36624372
2013-08-07,0.09335555,0.5204628,0.38618168,-0.42710724,0.44495457,-0.93632716,0.26828697
2013-08-08,0.088834964,0.4058324,0.5053327,-0.3169974,0.4564311,-0.9306446,0.34112674
2013-08-09,0.1559393,0.45897472,0.38508603,-0.30303544,0.5681123,-0.9482876,0.8972863
2013-08-12,0.15099697,0.4020789,0.44692412,-0.2510819,0.5158227,-0.9502592,0.6202569
2013-08-13,0.09051896,0.45131272,0.4581683,-0.36079377,0.39873022,-0.92835766,0.4928686
2013-08-14,0.086128876,0.46618122,0.44768992,-0.38005233,0.45726877,-0.9357387,0.74273723
2013-08-15,0.052529782,0.51916426,0.42830592,-0.4666345,0.39242125,-0.948841,0.23358674
2013-08-16,0.0573242,0.4812929,0.4613829,-0.42396873,0.36440018,-0.91123754,0.13598257
2013-08-19,0.05854882,0.5896024,0.35184875,-0.5310536,0.38067544,-0.9204139,0.4781693
2013-08-20,0.11198947,0.49885255,0.38915795,-0.38686314,0.46213734,-0.8888008,0.90694195
2013-08-21,0.07620645,0.4897971,0.43399647,-0.41359067,0.41270038,-0.91796994,0.89245933
2013-08-22,0.06387975,0.6340503,0.30206993,-0.5701706,0.35926303,-0.9482141,0.52205443
2013-08-23,0.08379933,0.5529024,0.36329827,-0.46910313,0.44205216,-0.9335336,0.5471997
2013-08-26,0.076359145,0.5174841,0.40615672,-0.441125,0.4558681,-0.94295084,0.7251769
2013-08-27,0.08689062,0.39741227,0.5156971,-0.31052163,0.40260243,-0.93352264,0.33175138
2013-08-28,0.18053591,0.3739879,0.44547614,-0.193452,0.5106577,-0.88002294,0.9130312
2013-08-29,0.11504366,0.4253081,0.45964828,-0.31026447,0.43420994,-0.91583717,0.70880723
2013-08-30,0.099073745,0.44324967,0.45767662,-0.3441759,0.33760777,-0.8867874,0.23610875
2013-09-03,0.13722903,0.37070665,0.49206433,-0.23347758,0.47962564,-0.9430567,0.7644861
2013-09-04,0.16844307,0.30636436,0.5251926,-0.13792129,0.42860004,-0.8753987,0.78142107
2013-09-05,0.10519681,0.47084764,0.42395556,-0.36565083,0.4905122,-0.9410462,0.8449979
2013-09-06,0.07129123,0.39487693,0.53383183,-0.3235857,0.36390552,-0.92133725,0.5184372
2013-09-09,0.07144358,0.4254531,0.50310344,-0.3540095,0.37509587,-0.9012808,0.28597406
2013-09-10,0.14029436,0.4318187,0.427887,-0.2915243,0.49893117,-0.9227257,0.66317517
2013-09-11,0.18927798,0.2962724,0.51444966,-0.10699446,0.5087597,-0.93326104,0.8877362
2013-09-12,0.1122474,0.31766254,0.57009006,-0.20541511,0.46263546,-0.91695166,0.6374796
2013-09-13,0.12399302,0.5206253,0.3553817,-0.3966323,0.5206387,-0.93978417,0.72958606
2013-09-16,0.090437315,0.3427385,0.56682414,-0.2523012,0.3946039,-0.91903776,0.5198998
2013-09-17,0.05435348,0.5364023,0.40924424,-0.4820488,0.3758133,-0.94796026,0.20573238
2013-09-18,0.079521276,0.45728543,0.46319333,-0.37776414,0.4557473,-0.93840665,0.7031479
2013-09-19,0.08704169,0.4605472,0.4524111,-0.37350556,0.46586776,-0.9620409,0.6669157
2013-09-20,0.05854816,0.4657285,0.4757234,-0.40718028,0.40628102,-0.9010481,0.3444216
2013-09-23,0.06928942,0.5799646,0.35074604,-0.5106751,0.4206658,-0.94744915,0.7976082
2013-09-24,0.097545,0.5534553,0.34899974,-0.4559103,0.47756872,-0.9472951,0.8247379
2013-09-25,0.05883866,0.5024515,0.43870986,-0.44361287,0.39223358,-0.9453688,0.37351865
2013-09-26,0.06534551,0.44633043,0.48832405,-0.3809849,0.42813027,-0.938954,0.5404955
2013-09-27,0.11618311,0.3514598,0.53235716,-0.23527668,0.4710814,-0.92703456,0.68319803
2013-09-30,0.1228713,0.4714539,0.40567482,-0.34858257,0.5208735,-0.945122,0.8560502
2013-10-01,0.094924375,0.31370375,0.5913719,-0.21877936,0.3798158,-0.93380344,0.3814239
2013-10-02,0.08526383,0.59054285,0.3241933,-0.505279,0.44027877,-0.9314033,0.53078264
2013-10-03,0.06713766,0.5354035,0.39745885,-0.4682659,0.4371602,-0.94249713,0.24910738
2013-10-04,0.07837499,0.5181612,0.40346387,-0.4397862,0.40988725,-0.9404381,0.56866354
2013-10-07,0.12522818,0.36213875,0.512633,-0.2369106,0.45466045,-0.867551,0.7285399
2013-10-08,0.11095974,0.3831675,0.5058728,-0.2722077,0.4687963,-0.91761667,0.47377276
2013-10-09,0.1416572,0.44496182,0.413381,-0.3033046,0.5800176,-0.94644415,0.9186264
2013-10-10,0.11678192,0.46256214,0.42065594,-0.34578025,0.47511837,-0.9241504,0.8157699
2013-10-11,0.11738768,0.56292427,0.31968805,-0.4455366,0.52957493,-0.9350566,0.87574875
2013-10-14,0.16053672,0.37261954,0.46684372,-0.21208282,0.5282405,-0.9284488,0.81518817
2013-10-15,0.108009025,0.29877257,0.59321845,-0.19076355,0.43287525,-0.8853483,0.76689774
2013-10-16,0.058669858,0.4626921,0.47863805,-0.4040222,0.40194353,-0.9009684,0.20680827
2013-10-17,0.081247784,0.4975571,0.42119506,-0.41630936,0.4863946,-0.96120346,0.7663612
2013-10-18,0.060272798,0.5816069,0.35812032,-0.5213342,0.41848588,-0.9125762,0.29472885
2013-10-21,0.08475608,0.55374724,0.36149663,-0.4689912,0.4256605,-0.9410928,0.610343
2013-10-22,0.09848854,0.5112479,0.39026365,-0.41275927,0.49701717,-0.9517247,0.93487185
2013-10-23,0.0809476,0.5852741,0.3337783,-0.50432646,0.47634304,-0.9263164,0.81540114
2013-10-24,0.062379025,0.43349215,0.5041288,-0.37111312,0.36806363,-0.9496023,0.23102105
2013-10-25,0.089330204,0.45418805,0.45648175,-0.3648578,0.4549202,-0.9614377,0.75478363
2013-10-28,0.047623407,0.4434866,0.50889,-0.39586323,0.35225135,-0.90092075,0.17554417
2013-10-29,0.11638818,0.52452374,0.3590881,-0.40813556,0.50203633,-0.9205315,0.7995927
2013-10-30,0.13147669,0.48383823,0.38468507,-0.3523616,0.47855532,-0.9545328,0.69616973
2013-10-31,0.058997344,0.37807086,0.5629318,-0.3190735,0.37131828,-0.94862175,0.19667518
2013-11-01,0.13215698,0.30715638,0.5606867,-0.17499937,0.4095418,-0.8721267,0.6330241
2013-11-04,0.0737256,0.5321243,0.39415014,-0.45839867,0.39245817,-0.916848,0.3814444
2013-11-05,0.11513097,0.4297462,0.45512286,-0.31461522,0.4703779,-0.9321291,0.77047443
2013-11-06,0.048683576,0.56444997,0.38686645,-0.5157664,0.36386055,-0.9270635,0.1837057
2013-11-07,0.08857007,0.36682308,0.54460686,-0.27825296,0.42200667,-0.8859023,0.5077554
2013-11-08,0.08141855,0.47809505,0.4404864,-0.3966765,0.4572489,-0.9481881,0.8740013
2013-11-11,0.12810367,0.4951898,0.3767065,-0.36708614,0.5179486,-0.94423586,0.9193677
2013-11-12,0.08348533,0.38952252,0.5269922,-0.3060372,0.43804798,-0.93884826,0.78311723
2013-11-13,0.14508444,0.3510032,0.5039123,-0.20591873,0.41712204,-0.8443127,0.49482772
2013-11-14,0.06930934,0.42055047,0.5101402,-0.35124114,0.43878672,-0.9413425,0.70749617
2013-11-15,0.105478555,0.46184987,0.43267158,-0.3563713,0.46901476,-0.94435763,0.7461848
2013-11-18,0.05495341,0.55288815,0.3921584,-0.49793476,0.38735527,-0.91249186,0.31836832
2013-11-19,0.04217464,0.4640639,0.49376148,-0.4218892,0.39322305,-0.9392814,0.14154014
2013-11-20,0.102795295,0.34914497,0.5480597,-0.24634968,0.45135996,-0.9520118,0.87235385
2013-11-21,0.1260175,0.4113382,0.4626443,-0.28532073,0.47947785,-0.93085825,0.8254707
2013-11-22,0.14889976,0.30867377,0.5424264,-0.15977402,0.40476108,-0.94486743,0.79620945
2013-11-25,0.047506917,0.7414801,0.21101299,-0.6939732,0.34989297,-0.94881827,0.5165507
2013-11-26,0.10951809,0.43974772,0.45073417,-0.33022967,0.4411093,-0.93642235,0.48906678
2013-11-27,0.07944169,0.5900016,0.33055672,-0.51055986,0.44533408,-0.9408309,0.5213155
2013-11-29,0.09371161,0.5029259,0.40336254,-0.4092143,0.4632433,-0.9429732,0.6375151
2013-12-02,0.050193343,0.4910431,0.45876357,-0.44084972,0.3442186,-0.9661916,0.095322154
2013-12-03,0.06398789,0.60109365,0.33491847,-0.53710574,0.37297517,-0.9282895,0.3842516
2013-12-04,0.11553489,0.4239126,0.4605525,-0.30837768,0.5186131,-0.94326043,0.8674006
2013-12-05,0.12015452,0.4158479,0.46399754,-0.29569337,0.48527253,-0.9297422,0.631899
2013-12-06,0.07432702,0.38068,0.544993,-0.30635297,0.40621263,-0.90055174,0.8174801
2013-12-09,0.09141128,0.51697063,0.39161813,-0.4255594,0.44357413,-0.90871096,0.78178346
2013-12-10,0.17079695,0.3585939,0.47060916,-0.18779695,0.52146566,-0.9348648,0.8969596
2013-12-11,0.10100627,0.39596805,0.50302565,-0.29496178,0.46904477,-0.9076546,0.8509333
2013-12-12,0.0474417,0.54957616,0.40298212,-0.50213444,0.37985265,-0.95200574,0.2073021
2013-12-13,0.058646034,0.5627032,0.37865078,-0.50405717,0.40633765,-0.922496,0.4188542
2013-12-16,0.08505151,0.5445935,0.370355,-0.459542,0.4360618,-0.9452863,0.7646884
2013-12-17,0.14008859,0.47705314,0.38285828,-0.33696458,0.5517979,-0.92056036,0.90551054
2013-12-18,0.08852638,0.35219726,0.55927634,-0.2636709,0.44860366,-0.9567954,0.5969936
2013-12-19,0.07257731,0.4505187,0.476904,-0.3779414,0.44385052,-0.9614611,0.41237533
2013-12-20,0.08724147,0.5347551,0.3780034,-0.44751367,0.44868818,-0.92279285,0.45299143
2013-12-23,0.068102464,0.6037642,0.3281334,-0.53566176,0.42441466,-0.9438999,0.6023451
2013-12-24,0.08250306,0.45027077,0.4672262,-0.36776772,0.42043135,-0.9456991,0.19926983
2013-12-26,0.09275041,0.5437291,0.36352047,-0.45097873,0.4492941,-0.947366,0.8284222
2013-12-27,0.064607054,0.55494523,0.3804477,-0.4903382,0.37227017,-0.9223791,0.17826901
2013-12-30,0.079862185,0.48902413,0.43111366,-0.40916196,0.4710247,-0.95541006,0.6984255
2013-12-31,0.12903146,0.3286172,0.54235137,-0.19958569,0.49660668,-0.9105473,0.8434646
2014-01-02,0.09749804,0.4665285,0.43597344,-0.36903054,0.43944982,-0.9639935,0.49013478
2014-01-03,0.11148184,0.49045414,0.39806402,-0.37897232,0.48791638,-0.9506157,0.84017855
2014-01-06,0.06984049,0.5178975,0.412262,-0.448057,0.43051845,-0.92195714,0.68202525
2014-01-07,0.049129456,0.6147597,0.33611092,-0.5656302,0.40856183,-0.95157826,0.43781456
2014-01-08,0.1582491,0.5440855,0.29766542,-0.38583642,0.5716512,-0.9323065,0.8263059
2014-01-09,0.063768975,0.43982476,0.49640626,-0.37605584,0.37279776,-0.95044124,0.12446553
2014-01-10,0.053076964,0.5225908,0.42433226,-0.46951377,0.34654796,-0.9159358,0.1447695
2014-01-13,0.054594766,0.60543597,0.33996925,-0.5508412,0.38772193,-0.9343852,0.42577717
2014-01-14,0.24036019,0.33705857,0.4225813,-0.09669839,0.5769074,-0.90226686,0.89088506
2014-01-15,0.057931554,0.43257806,0.5094904,-0.37464648,0.38148367,-0.8758525,0.40842104
2014-01-16,0.085146256,0.44735062,0.46750313,-0.36220437,0.42814055,-0.9031968,0.3479286
2014-01-17,0.07531409,0.3876783,0.5370076,-0.31236422,0.38090873,-0.941802,0.33392215
2014-01-21,0.11500368,0.5082023,0.376794,-0.3931986,0.5254654,-0.9469313,0.89767325
2014-01-22,0.053957224,0.53411585,0.41192693,-0.48015866,0.37461478,-0.920415,0.19596957
2014-01-23,0.09008401,0.5647812,0.34513485,-0.47469714,0.43869564,-0.91628814,0.7740539
2014-01-24,0.053354606,0.44135273,0.5052927,-0.38799813,0.37949213,-0.91500676,0.19262518
2014-01-27,0.084638774,0.48450556,0.43085566,-0.3998668,0.4301107,-0.94474363,0.39140993
2014-01-28,0.094004355,0.36724898,0.53874665,-0.27324462,0.43283087,-0.93864113,0.65587693
2014-01-29,0.074687116,0.5382541,0.38705882,-0.46356693,0.4396029,-0.95706713,0.79108685
2014-01-30,0.03442105,0.60137564,0.36420333,-0.5669546,0.4055599,-0.9447597,0.077783376
2014-01-31,0.0931152,0.46860644,0.43827835,-0.37549117,0.42224228,-0.94888794,0.6757196
2014-02-03,0.044057354,0.6167685,0.33917424,-0.57271105,0.3663617,-0.94856167,0.14234522
2014-02-04,0.12624392,0.39345357,0.48030254,-0.26720965,0.45836282,-0.92883945,0.8012644
2014-02-05,0.107301846,0.50863576,0.38406235,-0.40133396,0.47882897,-0.8987032,0.8807806
2014-02-06,0.08710757,0.4253682,0.48752427,-0.33826062,0.46657404,-0.933516,0.7767632
2014-02-07,0.091297366,0.5294432,0.37925938,-0.4381459,0.40971065,-0.9383775,0.27610287
2014-02-10,0.078804284,0.4923404,0.42885533,-0.4135361,0.4282252,-0.91377825,0.3333942
2014-02-11,0.061752435,0.43152618,0.5067213,-0.36977375,0.36874175,-0.9065109,0.15642609
2014-02-12,0.05956027,0.5636273,0.37681243,-0.504067,0.44324198,-0.95482016,0.37398505
2014-02-13,0.12859304,0.49599302,0.375414,-0.36739993,0.5111352,-0.9339174,0.7684641
2014-02-14,0.0716619,0.48636842,0.4419696,-0.4147066,0.43041915,-0.9166916,0.29433328
2014-02-18,0.056843795,0.61698645,0.3261697,-0.5601427,0.39314967,-0.95065975,0.4004231
2014-02-19,0.13124885,0.526186,0.34256512,-0.39493713,0.49839434,-0.9258483,0.7593037
2014-02-20,0.0880926,0.49428105,0.41762635,-0.40618843,0.48104525,-0.9414061,0.6581957
2014-02-21,0.122342594,0.5259138,0.35174367,-0.40357116,0.48615274,-0.9598445,0.47868055
2014-02-24,0.11377525,0.38520718,0.5010175,-0.27143195,0.4881606,-0.9481458,0.76809937
2014-02-25,0.09731954,0.44809514,0.4545853,-0.3507756,0.46741688,-0.9294363,0.83885294
2014-02-26,0.13756236,0.4278348,0.43460283,-0.29027247,0.4963458,-0.93708205,0.90185356
2014-02-27,0.086494654,0.4556449,0.4578604,-0.3691503,0.40587926,-0.9122609,0.35174698
2014-02-28,0.050578173,0.5916671,0.3577547,-0.541089,0.36522058,-0.9427494,0.24054772
2014-03-03,0.14335102,0.5160828,0.3405661,-0.37273178,0.56908023,-0.9421895,0.8400859
2014-03-04,0.11268081,0.39685905,0.49046013,-0.28417823,0.41400844,-0.9075536,0.5737059
2014-03-05,0.20037867,0.40419057,0.39543068,-0.20381191,0.56091535,-0.9338553,0.9124193
2014-03-06,0.20347539,0.39448035,0.40204427,-0.191005,0.5843438,-0.9271798,0.86302036
2014-03-07,0.075671084,0.44117764,0.48315132,-0.36550656,0.36205086,-0.94384706,0.23122266
2014-03-10,0.08852646,0.46545383,0.44601968,-0.37692735,0.41937068,-0.925986,0.5887952
2014-03-11,0.062796086,0.38640645,0.5507975,-0.32361034,0.3808823,-0.8901358,0.1713856
2014-03-12,0.086106636,0.43561867,0.47827473,-0.34951198,0.43153802,-0.927689,0.87399536
2014-03-13,0.17566068,0.29362476,0.5307146,-0.117964074,0.44550446,-0.75995547,0.9101396
2014-03-14,0.10754101,0.5095759,0.38288307,-0.4020349,0.49240646,-0.93650407,0.801466
2014-03-17,0.056083445,0.48814708,0.45576942,-0.43206364,0.3910403,-0.9211319,0.20272312
2014-03-18,0.11365678,0.4002808,0.4860624,-0.28662407,0.45121786,-0.95351803,0.8432995
2014-03-19,0.08936699,0.4661102,0.44452283,-0.37674317,0.46342003,-0.93864226,0.92582715
2014-03-20,0.12820283,0.4598499,0.41194734,-0.33164707,0.54686815,-0.94422054,0.8696048
2014-03-21,0.11109191,0.44724455,0.4416635,-0.33615264,0.45804885,-0.9382996,0.77070194
2014-03-24,0.07154338,0.36651826,0.5619384,-0.29497483,0.399416,-0.9543684,0.30427337
2014-03-25,0.12355581,0.42636526,0.45007896,-0.30280942,0.52025086,-0.95958835,0.89131385
2014-03-26,0.094651535,0.48210967,0.42323875,-0.3874582,0.49312234,-0.9431826,0.7258135
2014-03-27,0.16398421,0.5009183,0.33509743,-0.33693412,0.6266807,-0.9503574,0.9116224
2014-03-28,0.13336848,0.37845144,0.48818013,-0.24508294,0.4908584,-0.92754793,0.8296447
2014-03-31,0.19655304,0.35453832,0.4489087,-0.15798527,0.54171556,-0.9159746,0.90898407
2014-04-01,0.09527786,0.6469749,0.25774717,-0.5516971,0.48993677,-0.9460939,0.8774446
2014-04-02,0.074051574,0.57038075,0.3555677,-0.49632916,0.39460048,-0.92875993,0.2896545
2014-04-03,0.12718014,0.48799437,0.38482547,-0.36081424,0.5020599,-0.9050622,0.91064215
2014-04-04,0.085813716,0.5670769,0.34710938,-0.48126328,0.42799938,-0.91846347,0.40864068
2014-04-07,0.10122841,0.535547,0.3632246,-0.43431863,0.45752794,-0.9423853,0.48276836
2014-04-08,0.15332896,0.40111455,0.4455565,-0.24778555,0.5398675,-0.933414,0.7980036
2014-04-09,0.09857181,0.44944772,0.4519805,-0.35087585,0.37886292,-0.9565473,0.1984629
2014-04-10,0.114697464,0.36697656,0.518326,-0.25227904,0.44934973,-0.9076465,0.88858926
2014-04-11,0.1308576,0.4958125,0.37332988,-0.36495492,0.5436272,-0.9571862,0.8806162
2014-04-14,0.1411201,0.36841705,0.49046284,-0.22729695,0.48873264,-0.9129093,0.740936
2014-04-15,0.122520305,0.45039582,0.42708385,-0.3278755,0.49730253,-0.9572531,0.7021343
2014-04-16,0.0637615,0.5150003,0.42123818,-0.45123878,0.42284212,-0.96350724,0.34041378
2014-04-17,0.11504408,0.45253095,0.432425,-0.3374868,0.48228702,-0.94995713,0.7124061
2014-04-21,0.08656591,0.55836916,0.35506493,-0.47180325,0.4793801,-0.9591991,0.32491127
2014-04-22,0.1301539,0.513282,0.3565641,-0.38312808,0.5223468,-0.948663,0.9062055
2014-04-23,0.111202106,0.4325687,0.45622918,-0.32136658,0.43810907,-0.91059864,0.3820287
2014-04-24,0.14117354,0.538465,0.3203614,-0.39729154,0.4820716,-0.9474491,0.7046998
2014-04-25,0.08262027,0.6090804,0.3082994,-0.52646005,0.4517677,-0.95244503,0.53616226
2014-04-28,0.1066012,0.4430693,0.45032948,-0.33646813,0.44189075,-0.91136366,0.9190721
2014-04-29,0.09307381,0.48824778,0.41867843,-0.39517394,0.47461185,-0.9402888,0.5339484
2014-04-30,0.1442552,0.52696306,0.32878172,-0.38270783,0.5111962,-0.9289341,0.84242505
2014-05-01,0.07432815,0.48652625,0.43914562,-0.4121981,0.3852568,-0.9567318,0.2909933
2014-05-02,0.12337143,0.40685037,0.46977818,-0.28347898,0.4923088,-0.9199037,0.5554035
2014-05-05,0.09090792,0.4468277,0.46226442,-0.3559198,0.42648882,-0.9179108,0.5536192
2014-05-06,0.091135696,0.40525487,0.5036094,-0.3141192,0.40604746,-0.9263911,0.74844235
2014-05-07,0.11594768,0.539156,0.3448963,-0.4232084,0.52152234,-0.93692565,0.7422853
2014-05-08,0.07485103,0.4075913,0.5175576,-0.33274034,0.39327604,-0.9374291,0.2425881
2014-05-09,0.150077,0.41275075,0.43717223,-0.26267374,0.529044,-0.92635286,0.7670363
2014-05-12,0.100699656,0.4285525,0.47074786,-0.32785285,0.42914936,-0.85312647,0.5944069
2014-05-13,0.06970723,0.5594632,0.37082955,-0.48975593,0.40209144,-0.9163994,0.49776527
2014-05-14,0.060583126,0.5907838,0.34863308,-0.53020066,0.40682158,-0.920431,0.2797485
2014-05-15,0.1501609,0.49582645,0.35401264,-0.34566557,0.55519766,-0.93819666,0.8688591
2014-05-16,0.057933364,0.5807552,0.3613115,-0.5228218,0.38832512,-0.9466658,0.19383855
2014-05-19,0.08706758,0.51704377,0.3958887,-0.4299762,0.484104,-0.9481234,0.8602794
2014-05-20,0.17323369,0.47631618,0.35045016,-0.30308247,0.60902643,-0.9321636,0.9252749
2014-05-21,0.14455895,0.4184425,0.43699852,-0.27388358,0.52564985,-0.9185919,0.86506987
2014-05-22,0.08152446,0.5512646,0.36721098,-0.4697401,0.47222346,-0.9355177,0.6476507
2014-05-23,0.13818902,0.4887085,0.37310246,-0.35051954,0.5449129,-0.9188613,0.91320246
2014-05-27,0.1402258,0.5308517,0.32892245,-0.39062592,0.5286951,-0.92871535,0.8174888
2014-05-28,0.092189215,0.38860458,0.5192062,-0.29641536,0.42728412,-0.95420706,0.85547125
2014-05-29,0.0539165,0.5693809,0.3767026,-0.51546437,0.3788251,-0.94061154,0.39736444
2014-05-30,0.049453307,0.5664648,0.38408187,-0.51701146,0.38758036,-0.9400002,0.22861812
2014-06-02,0.088707335,0.46112347,0.45016927,-0.3724161,0.37738833,-0.90325785,0.2522783
2014-06-03,0.13199992,0.49736622,0.37063384,-0.36536628,0.55517673,-0.89574,0.89031935
2014-06-04,0.13761967,0.5069639,0.35541645,-0.3693443,0.563715,-0.9184434,0.90546244
2014-06-05,0.14215483,0.40213922,0.455706,-0.2599844,0.5265164,-0.9183755,0.8594313
2014-06-06,0.09769878,0.49416387,0.40813732,-0.39646512,0.48312834,-0.9333351,0.7925729
2014-06-09,0.10991722,0.51135004,0.37873268,-0.40143284,0.47277313,-0.94757867,0.763426
2014-06-10,0.102827415,0.54808176,0.34909084,-0.4452543,0.4658401,-0.9095417,0.6892196
2014-06-11,0.06795508,0.51405835,0.4179866,-0.44610325,0.397659,-0.9562957,0.21165588
2014-06-12,0.09072438,0.51773393,0.39154166,-0.42700955,0.48499915,-0.9486858,0.7414437
2014-06-13,0.15130976,0.30969965,0.5389905,-0.15838993,0.4454487,-0.8455432,0.8007853
2014-06-16,0.10659316,0.54573965,0.3476672,-0.43914646,0.37222052,-0.93884677,0.51163954
2014-06-17,0.12966093,0.40290764,0.46743146,-0.27324668,0.49735615,-0.9596663,0.7501841
2014-06-18,0.07619625,0.5579208,0.36588296,-0.48172456,0.44966942,-0.94725657,0.8294177
2014-06-19,0.1105312,0.4822054,0.4072634,-0.37167415,0.4803378,-0.94160163,0.7416426
2014-06-20,0.17127588,0.40988106,0.4188431,-0.2386052,0.55039984,-0.9320011,0.7330775
2014-06-23,0.085352376,0.39801598,0.5166317,-0.3126636,0.43198633,-0.92017734,0.45570484
2014-06-24,0.13544016,0.47520602,0.38935384,-0.3397659,0.5194158,-0.9236937,0.8615564
2014-06-25,0.19655117,0.29039094,0.51305795,-0.09383975,0.49388587,-0.94552135,0.84435266
2014-06-26,0.18013987,0.3358196,0.48404053,-0.15567973,0.47165686,-0.9546135,0.92206585
2014-06-27,0.11975689,0.44286537,0.43737778,-0.32310843,0.46642527,-0.9351878,0.6580149
2014-06-30,0.1570467,0.43647563,0.40647766,-0.27942893,0.55220705,-0.9489108,0.903052
2014-07-01,0.12675981,0.41978002,0.4534602,-0.2930202,0.48054552,-0.94706506,0.6624974
2014-07-02,0.12594296,0.5450937,0.32896337,-0.4191507,0.46877643,-0.90396905,0.60497975
2014-07-03,0.08937015,0.38298133,0.52764845,-0.2936112,0.43146092,-0.96019334,0.3258294
2014-07-07,0.10659245,0.44806647,0.4453411,-0.341474,0.48361298,-0.90837723,0.9071218
2014-07-08,0.051940404,0.50689787,0.4411617,-0.45495752,0.39150038,-0.95405453,0.117296994
2014-07-09,0.11736588,0.49807876,0.3845553,-0.38071287,0.4880335,-0.93955654,0.8921687
2014-07-10,0.11701665,0.53004354,0.35293975,-0.4130269,0.49787945,-0.94367623,0.929719
2014-07-11,0.12414526,0.3885012,0.48735356,-0.26435596,0.46796483,-0.88054365,0.7865355
2014-07-14,0.14091504,0.4524271,0.40665781,-0.31151208,0.53934294,-0.9454369,0.9157915
2014-07-15,0.16539527,0.399312,0.43529278,-0.23391671,0.5459063,-0.94194424,0.86821187
2014-07-16,0.10496233,0.44419435,0.45084336,-0.339232,0.45968115,-0.91321385,0.5610264
2014-07-17,0.15958172,0.43446758,0.40595073,-0.27488583,0.50115436,-0.8996186,0.8573978
2014-07-18,0.07743058,0.46099308,0.46157637,-0.38356248,0.37735018,-0.93178135,0.5872801
2014-07-21,0.047689643,0.6372663,0.3150441,-0.5895766,0.33440453,-0.94637173,0.13705653
2014-07-22,0.1396753,0.5689972,0.29132745,-0.4293219,0.575124,-0.9532118,0.86401474
2014-07-23,0.05290127,0.48894265,0.45815605,-0.43604138,0.3559268,-0.91625893,0.23428696
2014-07-24,0.06305995,0.5269058,0.4100343,-0.46384582,0.41087484,-0.9370541,0.5128728
2014-07-25,0.12973861,0.48856065,0.3817007,-0.35882202,0.5216743,-0.9216495,0.74424237
2014-07-28,0.05812046,0.5310122,0.41086733,-0.4728917,0.36467105,-0.9249013,0.16547015
2014-07-29,0.09919857,0.5358813,0.3649201,-0.43668273,0.4226671,-0.9296616,0.84459245
2014-07-30,0.07733964,0.4519648,0.47069553,-0.3746252,0.45149577,-0.91774,0.69450974
2014-07-31,0.12779003,0.50234777,0.3698621,-0.37455776,0.5046219,-0.9225351,0.7850314
2014-08-01,0.07502049,0.50851977,0.41645977,-0.43349922,0.40434593,-0.932156,0.62596035
2014-08-04,0.08567051,0.50360024,0.4107293,-0.41792968,0.42814013,-0.91891026,0.50765294
2014-08-05,0.08043082,0.49110234,0.42846692,-0.41067147,0.43290192,-0.9468178,0.68948436
2014-08-06,0.069200374,0.5776658,0.35313377,-0.5084654,0.39699546,-0.9262777,0.2844602
2014-08-07,0.17088653,0.45740166,0.37171176,-0.28651515,0.51961154,-0.9123117,0.8281302
2014-08-08,0.06998286,0.47050995,0.45950723,-0.40052703,0.3262555,-0.9096079,0.22810352
2014-08-11,0.0809098,0.53662664,0.38246349,-0.45571685,0.42204836,-0.9551555,0.6357436
2014-08-12,0.22476387,0.28304905,0.4921871,-0.05828518,0.50688815,-0.89315385,0.8969257
2014-08-13,0.17928793,0.379557,0.44115505,-0.2002691,0.5311361,-0.9462455,0.88534606
2014-08-14,0.0911352,0.5422939,0.36657092,-0.45115867,0.4257255,-0.9468518,0.539031
2014-08-15,0.056566056,0.5196005,0.42383346,-0.4630344,0.35578057,-0.93918866,0.13767962
2014-08-18,0.13636458,0.48833907,0.37529624,-0.35197452,0.49782443,-0.9353524,0.714675
2014-08-19,0.08175843,0.49235547,0.42588612,-0.410597,0.33660254,-0.9310402,0.101118475
2014-08-20,0.039087955,0.5579007,0.4030113,-0.5188129,0.32663414,-0.9502885,0.08159663
2014-08-21,0.11119186,0.40686715,0.48194098,-0.29567525,0.4776239,-0.94438964,0.8374467
2014-08-22,0.115259275,0.54932106,0.33541965,-0.43406183,0.52467996,-0.9550594,0.89155227
2014-08-25,0.114812925,0.4710574,0.41412967,-0.3562445,0.4617299,-0.8915565,0.5921675
2014-08-26,0.16410254,0.43728775,0.3986097,-0.27318525,0.5558739,-0.9662701,0.8824008
2014-08-27,0.12674163,0.4682259,0.40503252,-0.34148422,0.4674023,-0.88585955,0.7978176
2014-08-28,0.09029072,0.461545,0.44816425,-0.37125427,0.4501673,-0.93914855,0.8931028
2014-08-29,0.18080358,0.42732966,0.39186677,-0.2465261,0.5389068,-0.9568173,0.89627355
2014-09-02,0.11270891,0.44230697,0.44498405,-0.32959807,0.47097105,-0.96132165,0.88935214
2014-09-03,0.18834442,0.3456816,0.46597394,-0.1573372,0.49797112,-0.90334404,0.9081562
2014-09-04,0.10117976,0.37474555,0.5240747,-0.2735658,0.4406941,-0.952776,0.799739
2014-09-05,0.12910733,0.33780524,0.5330874,-0.20869792,0.4644028,-0.93348604,0.83680713
2014-09-08,0.09828422,0.48470637,0.41700935,-0.3864222,0.4498181,-0.9217457,0.71796024
2014-09-09,0.057526518,0.4991078,0.44336566,-0.44158128,0.37315744,-0.9233525,0.26116192
2014-09-10,0.15219131,0.3953073,0.45250133,-0.24311604,0.4899962,-0.8708752,0.9062064
2014-09-11,0.13422658,0.37787735,0.48789608,-0.24365078,0.50183594,-0.9151124,0.8745958
2014-09-12,0.1380206,0.43864766,0.4233317,-0.30062705,0.49187663,-0.9216094,0.88595104
2014-09-15,0.09453449,0.40976003,0.49570552,-0.31522554,0.4285533,-0.8605721,0.5573837
2014-09-16,0.18225254,0.3396408,0.47810665,-0.1573883,0.5301529,-0.8990995,0.84366447
2014-09-17,0.15238021,0.47241664,0.3752031,-0.32003647,0.56674,-0.96420246,0.7237397
2014-09-18,0.102647655,0.4571224,0.44022995,-0.35447475,0.46333933,-0.9334998,0.7684969
2014-09-19,0.12710021,0.45571515,0.41718465,-0.32861492,0.48991802,-0.9441702,0.9091788
2014-09-22,0.16438177,0.4410907,0.39452758,-0.2767089,0.5569465,-0.9436965,0.91295475
2014-09-23,0.14964041,0.34330624,0.5070534,-0.1936658,0.453412,-0.86211336,0.5479834
2014-09-24,0.19427872,0.365588,0.44013327,-0.17130928,0.54941434,-0.9157512,0.8259168
2014-09-25,0.117979296,0.45407623,0.42794445,-0.3360969,0.48771697,-0.9559519,0.74799794
2014-09-26,0.13283691,0.4023744,0.4647887,-0.26953748,0.47575212,-0.9440468,0.6927153
2014-09-29,0.09409894,0.55041707,0.35548398,-0.45631814,0.45841184,-0.9367836,0.55200684
2014-09-30,0.11124744,0.3936935,0.4950591,-0.28244606,0.4464252,-0.9154697,0.83391625
2014-10-01,0.10026485,0.4408586,0.4588765,-0.34059384,0.43855822,-0.9205137,0.9041822
2014-10-02,0.10009215,0.60666335,0.29324454,-0.5065712,0.5060092,-0.9447199,0.77399063
2014-10-03,0.07094621,0.50371313,0.42534065,-0.4327669,0.41578382,-0.94989175,0.27897352
2014-10-06,0.08708691,0.47418922,0.43872386,-0.38710237,0.47287944,-0.94282097,0.49207348
2014-10-07,0.12870772,0.38384333,0.48744893,-0.25513566,0.45130917,-0.93051493,0.680404
2014-10-08,0.11659572,0.51895475,0.36444947,-0.402359,0.51463,-0.94593954,0.8596105
2014-10-09,0.11478875,0.41607383,0.46913737,-0.3012851,0.5030267,-0.93029916,0.81699944
2014-10-10,0.094174184,0.48432732,0.42149854,-0.3901531,0.47539377,-0.946581,0.7047902
2014-10-13,0.09482783,0.37449124,0.53068095,-0.27966338,0.4141227,-0.93011117,0.43395534
2014-10-14,0.06462936,0.5097559,0.4256147,-0.44512653,0.38518438,-0.94704604,0.20265618
2014-10-15,0.16372973,0.37451938,0.46175086,-0.2107897,0.49494565,-0.961757,0.6193087
2014-10-16,0.19170257,0.48397675,0.3243207,-0.29227412,0.6086918,-0.95813787,0.8547789
2014-10-17,0.14764243,0.44034687,0.4120107,-0.29270443,0.5306316,-0.95539486,0.88049644
2014-10-20,0.17860125,0.41780272,0.403596,-0.23920147,0.53117955,-0.9309962,0.8904474
2014-10-21,0.15822357,0.43198028,0.40979618,-0.2737567,0.5161028,-0.92110103,0.8980651
2014-10-22,0.17747049,0.31693527,0.50559425,-0.13946478,0.4786895,-0.94237506,0.8263281
2014-10-23,0.105966955,0.48992106,0.40411198,-0.38395417,0.47357497,-0.9425198,0.6217713
2014-10-24,0.08233551,0.45357266,0.46409184,-0.3712372,0.45936534,-0.94986296,0.45524397
2014-10-27,0.08970623,0.5848591,0.3254347,-0.49515283,0.42103353,-0.9544124,0.47820553
2014-10-28,0.08996891,0.5038429,0.4061882,-0.41387394,0.48058954,-0.9611854,0.8490805
2014-10-29,0.14099413,0.3041776,0.5548282,-0.16318348,0.40046668,-0.9605278,0.52577186
2014-10-30,0.15054868,0.34947395,0.4999773,-0.19892529,0.4851904,-0.9282785,0.8826988
2014-10-31,0.15659064,0.3957521,0.44765723,-0.23916149,0.5167491,-0.9247384,0.6024204
2014-11-03,0.13631967,0.40574273,0.45793766,-0.269423,0.4535925,-0.95508033,0.39276794
2014-11-04,0.114300996,0.46425655,0.42144245,-0.3499556,0.5044366,-0.96021825,0.7842852
2014-11-05,0.13732402,0.5374452,0.32523084,-0.40012115,0.5636187,-0.9442138,0.8557227
2014-11-06,0.086133935,0.41274652,0.50111955,-0.32661256,0.42363915,-0.9552262,0.69694555
2014-11-07,0.23647211,0.44623393,0.31729397,-0.20976184,0.62086284,-0.9312891,0.8812982
2014-11-10,0.15362069,0.42020467,0.42617467,-0.26658395,0.535935,-0.96515304,0.92981255
2014-11-11,0.13419326,0.42639118,0.43941554,-0.29219794,0.48818335,-0.9144118,0.8125692
2014-11-12,0.087404765,0.5064307,0.40616456,-0.41902587,0.4950679,-0.93904394,0.71796805
2014-11-13,0.12747698,0.42960477,0.44291824,-0.3021278,0.48558608,-0.9312172,0.913601
2014-11-14,0.085941516,0.46304455,0.45101395,-0.37710303,0.4022775,-0.8810659,0.82198304
2014-11-17,0.12403044,0.41693974,0.4590298,-0.29290932,0.45752966,-0.9458975,0.75311035
2014-11-18,0.109150685,0.393613,0.49723628,-0.28446236,0.46603155,-0.95214975,0.81162035
2014-11-19,0.09052136,0.42971802,0.47976062,-0.33919665,0.4255116,-0.9455077,0.4790828
2014-11-20,0.07190253,0.5532652,0.37483233,-0.48136264,0.40729055,-0.93216026,0.51001114
2014-11-21,0.07285822,0.5148128,0.412329,-0.44195458,0.43028316,-0.96451265,0.8369585
2014-11-24,0.088652,0.54530585,0.36604214,-0.45665386,0.42148805,-0.95699656,0.89194614
2014-11-25,0.09324676,0.4945635,0.41218975,-0.40131676,0.49236727,-0.9315759,0.6295002
2014-11-26,0.07144374,0.5435125,0.38504374,-0.4720688,0.4571037,-0.92900616,0.5501226
2014-11-28,0.1620455,0.52021724,0.31773728,-0.35817173,0.6112196,-0.95656526,0.92069006
2014-12-01,0.09845118,0.5307885,0.37076026,-0.43233734,0.49065474,-0.9405005,0.889311
2014-12-02,0.10086202,0.5217534,0.37738457,-0.42089134,0.47265694,-0.9530458,0.691503
2014-12-03,0.08663675,0.48839474,0.42496848,-0.40175802,0.4142682,-0.9396639,0.4907788
2014-12-04,0.08675302,0.52966166,0.38358536,-0.44290859,0.46623048,-0.9464918,0.5119089
2014-12-05,0.06438779,0.49689674,0.43871552,-0.43250892,0.39798686,-0.9056524,0.43215856
2014-12-08,0.10950119,0.60475326,0.28574553,-0.49525207,0.52481496,-0.96151066,0.91447675
2014-12-09,0.11768878,0.5948913,0.28741997,-0.47720245,0.5140832,-0.95242965,0.91664344
2014-12-10,0.0744045,0.4049009,0.5206946,-0.33049637,0.38025823,-0.9178359,0.4223943
2014-12-11,0.18888058,0.43850213,0.37261727,-0.24962154,0.5892415,-0.92829895,0.9026861
2014-12-12,0.1062554,0.45724472,0.4364999,-0.35098925,0.43062595,-0.9032835,0.72580683
2014-12-15,0.13214232,0.40369502,0.46416268,-0.27155268,0.4920464,-0.95566934,0.7818451
2014-12-16,0.15199183,0.5042598,0.3437484,-0.35226795,0.5429058,-0.9299171,0.92314625
2014-12-17,0.07636338,0.5509108,0.37272578,-0.47454748,0.40028608,-0.9144144,0.33685422
2014-12-18,0.09237105,0.47477067,0.43285832,-0.38239965,0.4293385,-0.9326008,0.5604188
2014-12-19,0.12732346,0.42859954,0.444077,-0.3012761,0.5089334,-0.95021987,0.7102543
2014-12-22,0.16897966,0.33112144,0.49989888,-0.16214181,0.48184583,-0.9498523,0.647207
2014-12-23,0.08138912,0.46468985,0.45392102,-0.38330075,0.40265027,-0.93793947,0.25010163
2014-12-24,0.09818696,0.56922036,0.3325926,-0.47103345,0.50719666,-0.95159835,0.81497383
2014-12-26,0.10176611,0.59664875,0.30158517,-0.4948826,0.47252023,-0.95810324,0.7834363
2014-12-29,0.09960736,0.55044556,0.34994707,-0.4508382,0.49639642,-0.95746106,0.9203509
2014-12-30,0.062124837,0.592328,0.34554714,-0.5302032,0.37052777,-0.9571162,0.2398261
2014-12-31,0.15117753,0.4719861,0.3768364,-0.32080853,0.51811504,-0.9388024,0.8205804
2015-01-02,0.09759756,0.516864,0.3855384,-0.41926646,0.4682715,-0.9317798,0.8312657
2015-01-05,0.16646576,0.41635713,0.41717708,-0.24989137,0.48941043,-0.84663606,0.73208874
2015-01-06,0.10105469,0.46868762,0.43025768,-0.3676329,0.46864536,-0.93810374,0.8060401
2015-01-07,0.12170206,0.43756276,0.44073522,-0.31586066,0.5092459,-0.92956966,0.9259848
2015-01-08,0.16896039,0.37482327,0.4562163,-0.20586288,0.5141821,-0.89629555,0.8896078
2015-01-09,0.07710014,0.5170452,0.40585467,-0.43994504,0.4108801,-0.93288016,0.4021978
2015-01-12,0.08741838,0.42058927,0.49199235,-0.33317092,0.43626964,-0.92746997,0.5023624
2015-01-13,0.07538566,0.38156083,0.5430535,-0.30617517,0.38722497,-0.9144448,0.63479954
2015-01-14,0.09131548,0.49879587,0.40988868,-0.40748036,0.43829593,-0.9400747,0.9181525
2015-01-15,0.12580384,0.42764688,0.44654927,-0.30184305,0.50809306,-0.9494234,0.76785725
2015-01-16,0.16626991,0.4180032,0.41572693,-0.25173327,0.53154343,-0.889903,0.83513767
2015-01-20,0.15428351,0.40232098,0.4433955,-0.24803749,0.51574624,-0.86196494,0.92624325
2015-01-21,0.10540801,0.4011468,0.49344522,-0.29573882,0.4258955,-0.9094272,0.52192056
2015-01-22,0.111109994,0.55556345,0.3333266,-0.44445348,0.47239685,-0.9273748,0.72755885
2015-01-23,0.13618593,0.4211645,0.44264957,-0.28497857,0.50269544,-0.89636475,0.7965459
2015-01-26,0.16182823,0.45520443,0.38296735,-0.29337618,0.5226844,-0.94870675,0.8403827
2015-01-27,0.13138404,0.44447085,0.4241451,-0.3130868,0.50687563,-0.9150662,0.91619843
2015-01-28,0.16886684,0.36850765,0.4626255,-0.19964081,0.50211805,-0.8877889,0.8603159
2015-01-29,0.06279223,0.5982478,0.33895996,-0.5354556,0.40049782,-0.93247926,0.5956314
2015-01-30,0.067549296,0.45059437,0.48185635,-0.3830451,0.40683576,-0.91519356,0.7017822
2015-02-02,0.12964322,0.43671012,0.43364665,-0.30706695,0.5016903,-0.95381474,0.76974815
2015-02-03,0.16922644,0.44566685,0.38510674,-0.27644038,0.5489569,-0.92891496,0.750213
2015-02-04,0.08163441,0.4684903,0.4498753,-0.38685584,0.40471014,-0.9422646,0.7412246
2015-02-05,0.09999884,0.39464635,0.5053548,-0.2946475,0.3940702,-0.8653215,0.7392324
2015-02-06,0.0827125,0.4830153,0.4342722,-0.4003028,0.43731973,-0.9452339,0.7214472
2015-02-09,0.10757722,0.49647087,0.39595193,-0.38889366,0.48663232,-0.95813334,0.7574702
2015-02-10,0.110522434,0.4382023,0.45127532,-0.3276798,0.47257692,-0.92630684,0.62936896
2015-02-11,0.26459834,0.42563742,0.30976424,-0.16103908,0.67983896,-0.941184,0.89743984
2015-02-12,0.077926345,0.49240753,0.42966613,-0.4144812,0.40780053,-0.9434494,0.35411254
2015-02-13,0.062465075,0.43422124,0.5033137,-0.37175614,0.38654184,-0.9560684,0.25546247
2015-02-17,0.102227926,0.53495,0.362822,-0.43272218,0.4219468,-0.9636725,0.6702884
2015-02-18,0.040966727,0.54246867,0.41656464,-0.50150186,0.38391957,-0.9605871,0.082091704
2015-02-19,0.073803924,0.5365924,0.3896036,-0.46278858,0.38117343,-0.8963598,0.513713
2015-02-20,0.22056136,0.49407187,0.2853667,-0.27351055,0.6576272,-0.94766635,0.91992176
2015-02-23,0.16228786,0.3880153,0.44969684,-0.22572747,0.51049083,-0.9474696,0.92927825
2015-02-24,0.1654689,0.3494572,0.4850739,-0.18398827,0.517473,-0.9382548,0.9087087
2015-02-25,0.1298224,0.4161188,0.4540588,-0.2862964,0.44457638,-0.91765064,0.7774136
2015-02-26,0.059380226,0.5271911,0.4134287,-0.46781087,0.40093517,-0.952283,0.26949713
2015-02-27,0.12073601,0.4267089,0.4525551,-0.3059729,0.47857565,-0.9258698,0.6336758
2015-03-02,0.10965898,0.4270431,0.46329784,-0.31738415,0.45888737,-0.915571,0.63508356
2015-03-03,0.12799172,0.39108598,0.4809223,-0.26309425,0.45481554,-0.9534075,0.8817142
2015-03-04,0.082656085,0.4485422,0.46880168,-0.36588618,0.43863374,-0.9430285,0.66940016
2015-03-05,0.14957261,0.4029369,0.44749045,-0.25336432,0.5071533,-0.9567374,0.92990005
2015-03-06,0.07055786,0.5044743,0.42496786,-0.4339164,0.42512697,-0.94342655,0.50311637
2015-03-09,0.06929365,0.51786345,0.4128429,-0.44856983,0.3539021,-0.9111992,0.24507435
2015-03-10,0.08457175,0.5584631,0.3569651,-0.47389135,0.4369541,-0.9216166,0.5949761
2015-03-11,0.12842016,0.46100453,0.4105753,-0.33258435,0.52809066,-0.96625924,0.6673309
2015-03-12,0.14808466,0.41196603,0.43994933,-0.2638814,0.5500453,-0.931078,0.8726622
2015-03-13,0.08019586,0.4212747,0.49852946,-0.34107885,0.4369125,-0.9533249,0.54982275
2015-03-16,0.09086204,0.5292911,0.37984687,-0.43842903,0.44651902,-0.95000577,0.5299518
2015-03-17,0.22065367,0.3993737,0.37997264,-0.17872004,0.6298779,-0.9455626,0.92539674
2015-03-18,0.14692894,0.440621,0.41245002,-0.29369208,0.5164653,-0.9461761,0.9139518
2015-03-19,0.26507273,0.3418974,0.39302987,-0.07682469,0.62739253,-0.9345935,0.8790725
2015-03-20,0.12988569,0.4943553,0.375759,-0.36446962,0.56249106,-0.92399263,0.89837396
2015-03-23,0.09064672,0.5005462,0.40880707,-0.40989947,0.3988947,-0.93205017,0.34835288
2015-03-24,0.09602787,0.4884522,0.4155199,-0.39242435,0.47745106,-0.96542346,0.7565193
2015-03-25,0.10778315,0.3758485,0.5163684,-0.26806533,0.4364382,-0.90321666,0.53644854
2015-03-26,0.12116126,0.43865836,0.44018036,-0.31749713,0.48612013,-0.9525242,0.62922734
2015-03-27,0.17862293,0.4010123,0.42036477,-0.2223894,0.57398385,-0.95606583,0.8417045
2015-03-30,0.13081938,0.5813355,0.28784513,-0.45051613,0.5299186,-0.9480741,0.9070194
2015-03-31,0.06419993,0.42907533,0.5067247,-0.3648754,0.3939246,-0.90878785,0.18153623
2015-04-01,0.17733032,0.29902148,0.5236482,-0.12169117,0.43645078,-0.81945026,0.82763004
2015-04-02,0.075742096,0.5241703,0.4000877,-0.44842815,0.42592824,-0.94518167,0.5204649
2015-04-06,0.068648726,0.56837,0.36298126,-0.49972126,0.38629627,-0.9305663,0.28517032
2015-04-07,0.102983385,0.46461815,0.43239844,-0.3616348,0.4420415,-0.92776716,0.68421847
2015-04-08,0.13849413,0.41750377,0.44400212,-0.27900958,0.49006835,-0.94028634,0.91936696
2015-04-09,0.19231686,0.41193798,0.39574513,-0.21962114,0.6035838,-0.94584954,0.92378855
2015-04-10,0.071090385,0.4147794,0.51413023,-0.343689,0.44522285,-0.9277256,0.8069656
2015-04-13,0.119377285,0.37377778,0.50684494,-0.2544005,0.45315447,-0.952968,0.6748306
2015-04-14,0.17950144,0.5385221,0.28197643,-0.35902068,0.6035247,-0.9594671,0.8823272
2015-04-15,0.17995775,0.35004097,0.47000125,-0.17008318,0.5470104,-0.92741585,0.927773
2015-04-16,0.20510513,0.3529525,0.44194236,-0.14784735,0.5445575,-0.93663615,0.8643893
2015-04-17,0.06960247,0.43165332,0.49874425,-0.36205083,0.40674487,-0.94301987,0.316293
2015-04-20,0.08124856,0.47013232,0.44861913,-0.38888377,0.4298094,-0.9248115,0.64898396
2015-04-21,0.1628817,0.51429224,0.3228261,-0.35141048,0.5434942,-0.96114373,0.7609639
2015-04-22,0.093824476,0.42173493,0.48444062,-0.32791045,0.42432877,-0.9345422,0.7503876
2015-04-23,0.16190834,0.4040377,0.43405393,-0.24212937,0.4899612,-0.9532247,0.72767174
2015-04-24,0.12130066,0.45823273,0.4204666,-0.33693206,0.49722418,-0.96057326,0.73456854
2015-04-27,0.1429425,0.33487946,0.52217805,-0.19193695,0.502798,-0.9188465,0.8583429
2015-04-28,0.13785261,0.4514662,0.4106812,-0.3136136,0.50059134,-0.89501685,0.8340877
2015-04-29,0.13789435,0.49764934,0.36445633,-0.35975498,0.5126684,-0.93420273,0.87976396
2015-04-30,0.131629,0.4485074,0.4198636,-0.31687838,0.4737727,-0.8610474,0.5842147
2015-05-01,0.06255956,0.5618835,0.37555692,-0.499324,0.3966938,-0.9385455,0.5703706
2015-05-04,0.1406461,0.49506652,0.3642874,-0.3544204,0.5080551,-0.94662696,0.68853974
2015-05-05,0.1794929,0.40771455,0.4127925,-0.22822168,0.5377263,-0.9185123,0.7724658
2015-05-06,0.18768074,0.31366897,0.49865028,-0.12598822,0.51952875,-0.9230033,0.8825732
2015-05-07,0.14818043,0.44756734,0.40425223,-0.29938695,0.5052266,-0.9331868,0.80707616
2015-05-08,0.14574933,0.3947728,0.45947787,-0.24902348,0.4969778,-0.9551604,0.5720652
2015-05-11,0.10763441,0.56106186,0.33130383,-0.4534274,0.48010424,-0.9380911,0.7239629
2015-05-12,0.09228507,0.42307532,0.48463959,-0.33079025,0.4147633,-0.83194315,0.8428959
2015-05-13,0.09102644,0.44749138,0.4614822,-0.35646492,0.4711636,-0.9313018,0.7306523
2015-05-14,0.099754974,0.5495742,0.35067084,-0.4498192,0.46556798,-0.95511466,0.84369665
2015-05-15,0.12514691,0.43915454,0.4356985,-0.31400767,0.49014774,-0.9667845,0.63425094
2015-05-18,0.10417905,0.46124196,0.43457898,-0.3570629,0.44976828,-0.93825006,0.4287691
2015-05-19,0.09531504,0.46355125,0.44113368,-0.36823627,0.4521207,-0.8821752,0.78971887
2015-05-20,0.0944182,0.5923145,0.31326732,-0.4978963,0.49303952,-0.953363,0.8886034
2015-05-21,0.13569488,0.42468688,0.4396182,-0.28899202,0.5211069,-0.88622785,0.9142475
2015-05-22,0.12085912,0.36913967,0.51000124,-0.24828054,0.47870883,-0.95682657,0.93260986
2015-05-26,0.052567676,0.6311693,0.31626302,-0.5786016,0.39439762,-0.95682406,0.22603658
2015-05-27,0.13636436,0.5132078,0.35042787,-0.37684345,0.55120236,-0.95385313,0.9124706
2015-05-28,0.090198845,0.513073,0.39672816,-0.42287415,0.44402343,-0.92995995,0.81123936
2015-05-29,0.083554514,0.4265317,0.48991376,-0.34297717,0.45464036,-0.9552507,0.9269088
2015-06-01,0.06617441,0.53104854,0.402777,-0.46487418,0.40260926,-0.9461706,0.55759424
2015-06-02,0.2658497,0.34608087,0.38806942,-0.080231115,0.6036631,-0.88839495,0.8899167
2015-06-03,0.13098532,0.3721721,0.49684256,-0.24118675,0.45742843,-0.8949049,0.91789246
2015-06-04,0.1541025,0.52733636,0.3185611,-0.37323388,0.57258046,-0.95290405,0.7747808
2015-06-05,0.14279318,0.45401695,0.4031899,-0.31122375,0.5061516,-0.9448068,0.8822357
2015-06-08,0.12699008,0.37655926,0.49645072,-0.24956913,0.46388707,-0.95331234,0.9222832
2015-06-09,0.0837016,0.321323,0.5949754,-0.2376214,0.34313577,-0.94813895,0.28252763
2015-06-10,0.14518143,0.49696487,0.3578537,-0.3517834,0.5350719,-0.95088285,0.8817222
2015-06-11,0.099987306,0.41831934,0.48169327,-0.31833208,0.4407996,-0.9367231,0.915553
2015-06-12,0.14859577,0.39478517,0.4566191,-0.24618934,0.47989815,-0.898444,0.7961306
2015-06-15,0.09563166,0.51347256,0.39089575,-0.41784087,0.44771478,-0.9551579,0.69455403
2015-06-16,0.16892299,0.3696469,0.46143004,-0.20072392,0.5025228,-0.92308843,0.7672874
2015-06-17,0.09274903,0.45041457,0.45683634,-0.35766557,0.44370118,-0.93295574,0.72353995
2015-06-18,0.18941295,0.49062917,0.31995788,-0.3012162,0.60964614,-0.92018634,0.90874994
2015-06-19,0.13199534,0.47308335,0.3949213,-0.34108803,0.5223526,-0.94478184,0.79845333
2015-06-22,0.11202549,0.3987736,0.4892009,-0.2867481,0.4503415,-0.9455516,0.8791008
2015-06-23,0.107250825,0.51649964,0.37624955,-0.40924886,0.5055936,-0.9227422,0.8620793
2015-06-24,0.16918167,0.4186506,0.41216773,-0.24946895,0.52197915,-0.9311641,0.90901315
2015-06-25,0.07534185,0.45399588,0.4706623,-0.37865403,0.41912583,-0.93316555,0.29922733
2015-06-26,0.061029516,0.5272375,0.41173303,-0.46620795,0.37400874,-0.9112406,0.49916232
2015-06-29,0.15271045,0.42580768,0.4214819,-0.2730972,0.5419227,-0.9435956,0.71416336
2015-06-30,0.122714005,0.5032871,0.3739989,-0.38057303,0.49371094,-0.890538,0.8724495
2015-07-01,0.21099304,0.33708245,0.4519245,-0.12608936,0.583203,-0.92380893,0.92457336
2015-07-02,0.073302515,0.47872147,0.44797602,-0.40541893,0.42398298,-0.93707496,0.7167935
2015-07-06,0.074478954,0.5187504,0.40677068,-0.44427145,0.40288958,-0.93713665,0.26033655
2015-07-07,0.044874314,0.64217657,0.31294906,-0.59730226,0.34782657,-0.95051867,0.048426658
2015-07-08,0.046504196,0.5294565,0.42403933,-0.48295227,0.3900044,-0.94548756,0.14486896
2015-07-09,0.08789205,0.56199986,0.35010806,-0.47410777,0.47285733,-0.93989295,0.7346253
2015-07-10,0.1459835,0.29669213,0.55732435,-0.15070862,0.4286075,-0.90529394,0.8524185
2015-07-13,0.14257726,0.42203322,0.4353895,-0.279456,0.5048285,-0.8902775,0.7848438
2015-07-14,0.22462356,0.38364917,0.3917273,-0.1590256,0.5419743,-0.8947787,0.78112423
2015-07-15,0.17314798,0.32521313,0.5016389,-0.15206516,0.48463115,-0.9025698,0.87746805
2015-07-16,0.28211227,0.27907255,0.43881515,0.00303972,0.59073704,-0.9337577,0.9182412
2015-07-17,0.100628436,0.47933728,0.42003432,-0.37870884,0.455114,-0.94212574,0.8610998
2015-07-20,0.14763264,0.45142686,0.40094054,-0.3037942,0.5495267,-0.9219941,0.89660966
2015-07-21,0.14650644,0.44370097,0.4097926,-0.2971945,0.51825947,-0.91099846,0.9121152
2015-07-22,0.105487004,0.42838395,0.46612906,-0.32289696,0.44934747,-0.9386191,0.7400561
2015-07-23,0.09582302,0.51856023,0.38561672,-0.42273724,0.43259847,-0.94103056,0.35139138
2015-07-24,0.14606903,0.37377632,0.48015463,-0.22770731,0.48480207,-0.9429555,0.6144419
2015-07-27,0.06748073,0.4999025,0.43261677,-0.4324218,0.42406592,-0.95545226,0.3378881
2015-07-28,0.10093831,0.45226878,0.4467929,-0.3513305,0.41173327,-0.9468695,0.73134184
2015-07-29,0.10015624,0.50526905,0.39457473,-0.40511277,0.460222,-0.95312226,0.55007946
2015-07-30,0.08598679,0.46862918,0.44538403,-0.38264245,0.45371497,-0.95851415,0.7326339
2015-07-31,0.17080063,0.48823926,0.34096012,-0.31743857,0.5672042,-0.9663842,0.82438904
2015-08-03,0.058517065,0.5882631,0.35321984,-0.529746,0.43189076,-0.9526221,0.20670399
2015-08-04,0.12769805,0.42961013,0.4426918,-0.30191213,0.46326867,-0.86759764,0.69540715
2015-08-05,0.1209881,0.540461,0.33855087,-0.41947293,0.48351607,-0.9581102,0.60446864
2015-08-06,0.13863854,0.391719,0.46964246,-0.25308046,0.50652784,-0.9348248,0.9323095
2015-08-07,0.106359854,0.53343165,0.3602085,-0.4270718,0.46404,-0.9171872,0.6351304
2015-08-10,0.12706536,0.3674131,0.50552154,-0.24034774,0.47751436,-0.9094144,0.8618194
2015-08-11,0.115531944,0.47953975,0.4049283,-0.3640078,0.53561133,-0.95995593,0.8724188
2015-08-12,0.059615668,0.6166166,0.32376775,-0.55700094,0.37765262,-0.9497867,0.6050597
2015-08-13,0.14344889,0.40125996,0.45529118,-0.25781104,0.5328285,-0.94546324,0.93162924
2015-08-14,0.066000745,0.4757847,0.45821458,-0.4097839,0.43552428,-0.95124,0.26796615
2015-08-17,0.09253314,0.539331,0.36813584,-0.4467979,0.44197413,-0.91903645,0.4716996
2015-08-18,0.17825468,0.3699525,0.45179284,-0.1916978,0.54939485,-0.9501456,0.8260021
2015-08-19,0.11155138,0.5041743,0.38427433,-0.39262286,0.5015087,-0.9210171,0.7799433
2015-08-20,0.12078293,0.44455445,0.43466258,-0.3237715,0.5342015,-0.9545343,0.8785102
2015-08-21,0.09451179,0.4863201,0.4191681,-0.39180827,0.4126291,-0.93084097,0.54868
2015-08-24,0.08903057,0.69658035,0.21438906,-0.60754985,0.46214676,-0.9626516,0.9059538
2015-08-25,0.14674823,0.42077646,0.43247536,-0.2740282,0.5214288,-0.95930296,0.815156
2015-08-26,0.10557292,0.45276657,0.44166052,-0.34719363,0.510461,-0.93843573,0.85645
2015-08-27,0.11917743,0.5196931,0.36112946,-0.40051568,0.49344227,-0.9509944,0.79638493
2015-08-28,0.11901112,0.53555644,0.34543246,-0.4165453,0.5308487,-0.95680535,0.8141738
2015-08-31,0.12379962,0.40094998,0.47525036,-0.2771504,0.46592498,-0.93018556,0.7842806
2015-09-01,0.19981597,0.27720696,0.52297705,-0.07739095,0.46384302,-0.8477029,0.77403367
2015-09-02,0.120598935,0.49970895,0.3796921,-0.37910998,0.4949082,-0.9469969,0.639862
2015-09-03,0.1325512,0.4703264,0.39712247,-0.33777514,0.5331008,-0.9606907,0.90893704
2015-09-04,0.15676543,0.35099494,0.49223956,-0.19422953,0.5288132,-0.95556575,0.9175627
2015-09-08,0.07950183,0.5506305,0.36986762,-0.4711287,0.43856135,-0.92488843,0.46977794
2015-09-09,0.12685819,0.4037995,0.46934223,-0.27694133,0.4908463,-0.95278597,0.8684369
2015-09-10,0.10729637,0.48429668,0.40840697,-0.3770003,0.4439897,-0.95355797,0.5334093
2015-09-11,0.16524689,0.46963897,0.36511412,-0.30439204,0.5460937,-0.92027795,0.8773535
2015-09-14,0.13084577,0.5094588,0.35969546,-0.37861297,0.4864789,-0.91391957,0.73975354
2015-09-15,0.15881185,0.487434,0.35375413,-0.32862216,0.52263165,-0.93251926,0.8887248
2015-09-16,0.18395124,0.4800478,0.336001,-0.29609656,0.618278,-0.9655337,0.8500696
2015-09-17,0.11909948,0.5451226,0.33577788,-0.42602313,0.5249548,-0.94016176,0.8786562
2015-09-18,0.06433661,0.50629354,0.42936978,-0.44195697,0.40625703,-0.95014614,0.13231134
2015-09-21,0.13365573,0.5427023,0.32364196,-0.40904662,0.54154646,-0.95170176,0.9320845
2015-09-22,0.13062584,0.52299714,0.34637696,-0.39237136,0.5034423,-0.9601582,0.65049124
2015-09-23,0.18518981,0.37098527,0.44382492,-0.18579543,0.5198731,-0.95302826,0.86972487
2015-09-24,0.061097395,0.5116075,0.42729503,-0.45051014,0.38479805,-0.914295,0.25669318
2015-09-25,0.13672002,0.447556,0.41572395,-0.310836,0.52882874,-0.927134,0.68230736
2015-09-28,0.16554226,0.2984122,0.53604555,-0.13286991,0.46844232,-0.9418367,0.8337249
2015-09-29,0.21525294,0.36200356,0.4227435,-0.1467506,0.5745261,-0.96525127,0.8439935
2015-09-30,0.14825282,0.40088874,0.4508584,-0.25263593,0.51267105,-0.89700615,0.91603225
2015-10-01,0.1558085,0.35283485,0.4913566,-0.19702637,0.48873687,-0.94485766,0.89515626
2015-10-02,0.102675736,0.41450405,0.4828202,-0.31182832,0.46377894,-0.8984093,0.7684107
2015-10-05,0.14523412,0.3873551,0.46741077,-0.24212095,0.45342234,-0.92167854,0.77966386
2015-10-06,0.18615836,0.3343924,0.4794493,-0.14823404,0.5216839,-0.8991762,0.89995134
2015-10-07,0.15082914,0.41018352,0.43898734,-0.25935438,0.49982908,-0.9443147,0.8736275
2015-10-08,0.1444746,0.50764775,0.34787765,-0.3631732,0.523491,-0.8951765,0.7100059
2015-10-09,0.16139652,0.4584093,0.38019416,-0.29701278,0.52098984,-0.9351735,0.8550319
2015-10-12,0.14817287,0.46401772,0.3878094,-0.31584483,0.5606212,-0.94870245,0.90153
2015-10-13,0.12832928,0.49291202,0.37875873,-0.36458266,0.50947124,-0.8559113,0.8749853
2015-10-14,0.18276611,0.33909592,0.47813797,-0.15632981,0.5355662,-0.9396865,0.89012784
2015-10-15,0.12702207,0.48577434,0.38720357,-0.35875234,0.501232,-0.94623625,0.81366336
2015-10-16,0.13739386,0.37739685,0.48520932,-0.24000293,0.5041773,-0.9192315,0.93084836
2015-10-19,0.13658829,0.5486154,0.31479633,-0.4120271,0.497279,-0.9610175,0.9083321
2015-10-20,0.11099658,0.40977353,0.47922993,-0.29877692,0.46627808,-0.93384683,0.7812156
2015-10-21,0.13131222,0.4065215,0.46216634,-0.27520928,0.5079053,-0.93796605,0.7941307
2015-10-22,0.06969925,0.49315906,0.4371417,-0.42345983,0.38844487,-0.9372566,0.18763092
2015-10-23,0.12887079,0.52771384,0.34341538,-0.3988431,0.51090026,-0.9561547,0.60526484
2015-10-26,0.11737346,0.5421496,0.34047696,-0.4247761,0.5251906,-0.9455713,0.74196386
2015-10-27,0.10689757,0.45349163,0.43961075,-0.3465941,0.47686553,-0.91672844,0.75475293
2015-10-28,0.16434507,0.49235848,0.34329644,-0.3280134,0.56214714,-0.93476176,0.92615783
2015-10-29,0.16715817,0.3591927,0.47364914,-0.19203451,0.50890446,-0.9367768,0.8023976
2015-10-30,0.11425498,0.43510327,0.45064175,-0.32084832,0.45571828,-0.935947,0.759456
2015-11-02,0.21592851,0.39904174,0.3850297,-0.18311323,0.56016374,-0.93619233,0.77304506
2015-11-03,0.1733654,0.46394625,0.3626883,-0.2905809,0.5974045,-0.94681793,0.867577
2015-11-04,0.10320908,0.48698494,0.409806,-0.38377583,0.49133542,-0.96616983,0.5814784
2015-11-05,0.1379568,0.3023093,0.55973387,-0.16435249,0.47954768,-0.9335569,0.894677
2015-11-06,0.099345386,0.4155143,0.48514026,-0.31616893,0.48607957,-0.9522435,0.44066355
2015-11-09,0.08002877,0.4818858,0.43808544,-0.40185702,0.40760604,-0.92012215,0.50054264
2015-11-10,0.11574609,0.5665687,0.31768522,-0.4508226,0.476544,-0.9440538,0.8205863
2015-11-11,0.12350753,0.42282727,0.4536652,-0.29931977,0.51876175,-0.954591,0.8401305
2015-11-12,0.13148439,0.41990182,0.44861385,-0.2884174,0.51178694,-0.9446668,0.8960692
2015-11-13,0.12462804,0.37670082,0.49867114,-0.25207275,0.45551583,-0.9404727,0.5977282
2015-11-16,0.08233138,0.45844692,0.45922172,-0.3761155,0.4340833,-0.9536733,0.6858543
2015-11-17,0.16868082,0.4115404,0.4197788,-0.24285956,0.514743,-0.90866095,0.9211351
2015-11-18,0.12693298,0.4931947,0.37987235,-0.36626172,0.5019109,-0.9291294,0.75929606
2015-11-19,0.09884696,0.5001138,0.40103924,-0.4012668,0.43724146,-0.88212603,0.7706271
2015-11-20,0.14788216,0.47224727,0.37987053,-0.3243651,0.51878405,-0.89962363,0.8361913
2015-11-23,0.080786325,0.5183838,0.40082988,-0.4375975,0.43254113,-0.92484796,0.83201593
2015-11-24,0.08741596,0.46972597,0.44285816,-0.3823099,0.42976376,-0.93189794,0.6149607
2015-11-25,0.07109246,0.3960055,0.532902,-0.32491302,0.38268554,-0.93674374,0.449495
2015-11-27,0.1574408,0.45924598,0.38331318,-0.3018052,0.5329519,-0.940476,0.8992167
2015-11-30,0.15338036,0.43050298,0.41611663,-0.2771226,0.56443506,-0.9403334,0.93100274
2015-12-01,0.08360973,0.39831367,0.51807666,-0.3147039,0.36444142,-0.9073143,0.23882072
2015-12-02,0.10032941,0.41066226,0.48900834,-0.3103329,0.47602665,-0.8986263,0.65347356
2015-12-03,0.1280579,0.4225454,0.4493967,-0.2944875,0.46500412,-0.91518474,0.8172011
2015-12-04,0.3180027,0.36094287,0.32105443,-0.042940203,0.6711438,-0.9096326,0.9144158
2015-12-07,0.17957127,0.35322148,0.46720722,-0.1736502,0.5386731,-0.93663317,0.8316525
2015-12-08,0.15041313,0.45215815,0.3974287,-0.30174506,0.5145864,-0.9260057,0.8066989
2015-12-09,0.10258294,0.3791381,0.51827896,-0.27655518,0.44879207,-0.9528251,0.6759753
2015-12-10,0.15541518,0.4990553,0.34552956,-0.3436401,0.561325,-0.9553253,0.89632064
2015-12-11,0.061193503,0.36701566,0.5717908,-0.30582216,0.4033312,-0.954145,0.19856036
2015-12-14,0.0983686,0.58458674,0.31704465,-0.48621815,0.4944964,-0.931814,0.8043969
2015-12-15,0.19587965,0.4570812,0.34703913,-0.2612016,0.60228586,-0.9481379,0.889618
2015-12-16,0.1427842,0.47124076,0.38597503,-0.32845658,0.4818811,-0.9250319,0.888117
2015-12-17,0.09135267,0.43048233,0.47816497,-0.3391297,0.41873103,-0.9465882,0.6029504
2015-12-18,0.08368639,0.5097059,0.40660772,-0.42601952,0.47552577,-0.9601898,0.7818493
2015-12-21,0.10639057,0.55175155,0.34185788,-0.445361,0.5161197,-0.94944835,0.92174345
2015-12-22,0.14095734,0.38924357,0.46979907,-0.24828625,0.5083413,-0.95981747,0.8205669
2015-12-23,0.0428591,0.51252955,0.4446114,-0.46967041,0.33532944,-0.9517353,0.06224665
2015-12-24,0.047490746,0.5391613,0.41334793,-0.4916706,0.3956267,-0.9389004,0.15874544
2015-12-28,0.12969337,0.51577455,0.3545321,-0.38608116,0.4993965,-0.96536106,0.90872025
2015-12-29,0.13493223,0.39964145,0.4654263,-0.2647092,0.4714175,-0.8985232,0.92444843
2015-12-30,0.18244812,0.4833777,0.33417425,-0.30092952,0.57712615,-0.9560071,0.9000472
2015-12-31,0.08506055,0.4547043,0.46023515,-0.36964378,0.44827032,-0.9207551,0.6472449
2016-01-04,0.08590456,0.5943144,0.31978106,-0.5084098,0.4284813,-0.94023085,0.48903716
2016-01-05,0.08266869,0.6237266,0.2936047,-0.54105794,0.43946475,-0.9339226,0.73537797
2016-01-06,0.08723334,0.5885195,0.3242471,-0.50128615,0.48910925,-0.9463034,0.9163358
2016-01-07,0.14648417,0.46006465,0.39345115,-0.31358048,0.5081165,-0.9145555,0.7714505
2016-01-08,0.07582618,0.54289687,0.38127694,-0.46707073,0.41859496,-0.9449121,0.6505573
2016-01-11,0.0606871,0.50884515,0.43046775,-0.4481581,0.40072605,-0.94616175,0.2019333
2016-01-12,0.0751526,0.46228352,0.46256396,-0.3871309,0.40313792,-0.95058244,0.37484518
2016-01-13,0.11739946,0.4687937,0.4138068,-0.35139424,0.4711749,-0.95060694,0.5415922
2016-01-14,0.11049648,0.61353135,0.2759722,-0.50303483,0.5103373,-0.96299785,0.92617106
2016-01-15,0.05698015,0.56883055,0.3741893,-0.5118504,0.4160107,-0.9631265,0.36214423
2016-01-19,0.09294592,0.3948029,0.5122512,-0.301857,0.4302219,-0.9316355,0.5973264
2016-01-20,0.10113611,0.44335678,0.4555071,-0.3422207,0.45778593,-0.9452139,0.6240585
2016-01-21,0.174794,0.43055695,0.3946491,-0.25576293,0.5600946,-0.9579312,0.81329995
2016-01-22,0.13078779,0.5020621,0.36715007,-0.37127435,0.5404199,-0.96312064,0.8895891
2016-01-25,0.1476935,0.4361012,0.41620532,-0.28840768,0.5413799,-0.9558381,0.88316053
2016-01-26,0.0695126,0.53016984,0.40031758,-0.4606572,0.37774253,-0.9215488,0.29483616
2016-01-27,0.06578124,0.58492494,0.3492938,-0.5191437,0.3818349,-0.9412637,0.17380884
2016-01-28,0.08169894,0.49862763,0.4196734,-0.41692868,0.4511227,-0.9386745,0.8908323
2016-01-29,0.13211487,0.4777675,0.39011762,-0.34565267,0.50140965,-0.91294557,0.8044265
2016-02-01,0.16868079,0.44490483,0.38641438,-0.27622405,0.5715498,-0.96375716,0.90754694
2016-02-02,0.1674748,0.36249435,0.4700308,-0.19501954,0.53916365,-0.9660869,0.91502565
2016-02-03,0.15929468,0.41822743,0.4224779,-0.2589327,0.54164594,-0.939925,0.8638306
2016-02-04,0.147906,0.51395684,0.33813712,-0.36605087,0.5456672,-0.9260361,0.905135
2016-02-05,0.073474385,0.5290939,0.39743167,-0.45561945,0.4428083,-0.949639,0.44474822
2016-02-08,0.09315897,0.5723789,0.3344622,-0.47921988,0.43980625,-0.9478524,0.63717556
2016-02-09,0.11326902,0.46513408,0.42159683,-0.3518651,0.4857818,-0.94646615,0.63234115
2016-02-10,0.07645706,0.5652856,0.3582574,-0.4888285,0.45169,-0.94051325,0.62311184
2016-02-11,0.1105859,0.54129416,0.34811988,-0.43070832,0.5367109,-0.9374904,0.8290789
2016-02-12,0.23128054,0.3173822,0.4513373,-0.08610166,0.58106387,-0.94462705,0.86233747
2016-02-16,0.22900352,0.38854057,0.38245586,-0.15953706,0.6019413,-0.962654,0.85049486
2016-02-17,0.20552987,0.35142052,0.44304958,-0.14589067,0.5718029,-0.9577986,0.9022129
2016-02-18,0.079287186,0.53444636,0.38626647,-0.45515916,0.46126884,-0.9440923,0.6807294
2016-02-19,0.15154776,0.41571704,0.43273517,-0.26416928,0.53100705,-0.9332086,0.8842861
2016-02-22,0.13375345,0.44284308,0.42340347,-0.30908966,0.5106802,-0.9444764,0.8212012
2016-02-23,0.13529192,0.51047426,0.35423374,-0.37518233,0.544273,-0.91057247,0.8312594
2016-02-24,0.1414129,0.4484265,0.4101606,-0.3070136,0.558345,-0.9607386,0.8724563
2016-02-25,0.122735545,0.57463145,0.30263293,-0.45189595,0.5105687,-0.9563823,0.916795
2016-02-26,0.1050645,0.46299216,0.43194333,-0.3579277,0.43780553,-0.9655637,0.70153815
2016-02-29,0.12809545,0.5116248,0.36027974,-0.3835294,0.5292293,-0.94797444,0.9217304
2016-03-01,0.10213263,0.4214228,0.4764446,-0.31929016,0.4393598,-0.9225174,0.70150787
2016-03-02,0.13009976,0.47689736,0.39300293,-0.34679756,0.52263784,-0.96312076,0.86775374
2016-03-03,0.082241744,0.6187152,0.299043,-0.5364735,0.43129355,-0.9427572,0.6442398
2016-03-04,0.14294122,0.51080585,0.34625298,-0.3678646,0.5098154,-0.94424313,0.8819877
2016-03-07,0.16049528,0.5947526,0.24475214,-0.43425733,0.5618471,-0.9606376,0.9041135
2016-03-08,0.1093879,0.45279574,0.43781635,-0.34340787,0.4860274,-0.9251125,0.6591386
2016-03-09,0.21018755,0.46187732,0.32793513,-0.25168976,0.59487563,-0.94954485,0.90192056
2016-03-10,0.09834784,0.5959333,0.30571887,-0.49758545,0.45377436,-0.9460106,0.77490735
2016-03-11,0.1255706,0.4785136,0.3959158,-0.352943,0.48167786,-0.9168586,0.74150395
2016-03-14,0.15890971,0.41441685,0.42667344,-0.25550714,0.53872883,-0.92444897,0.79272544
2016-03-15,0.055975482,0.46359977,0.4804247,-0.40762427,0.39610758,-0.91877055,0.20525227
2016-03-16,0.061392006,0.50666165,0.43194637,-0.4452696,0.3648098,-0.9441899,0.32423866
2016-03-17,0.14914556,0.34238145,0.50847304,-0.19323589,0.43756795,-0.927567,0.88120437
2016-03-18,0.04296477,0.6411798,0.3158554,-0.59821504,0.37515008,-0.9532416,0.17709199
2016-03-21,0.10511604,0.45865762,0.43622634,-0.35354155,0.49634373,-0.9621909,0.9043547
2016-03-22,0.1770186,0.4863927,0.33658868,-0.30937415,0.5738686,-0.9524786,0.89285696
2016-03-23,0.07559746,0.4716574,0.45274517,-0.39605996,0.41483498,-0.92617637,0.75796294
2016-03-24,0.084089816,0.49803627,0.4178739,-0.4139465,0.4238197,-0.90294117,0.37162337
2016-03-28,0.10085958,0.46179265,0.43734783,-0.36093304,0.45477468,-0.93659586,0.6602982
2016-03-29,0.12211282,0.5379029,0.3399842,-0.41579017,0.48183855,-0.9501728,0.92494726
2016-03-30,0.07705877,0.53661805,0.38632315,-0.45955932,0.39391604,-0.9155875,0.7602909
2016-03-31,0.14492075,0.37675163,0.4783276,-0.23183087,0.48397827,-0.9380424,0.92873085
2016-04-01,0.07391984,0.48630643,0.43977374,-0.4123866,0.4032846,-0.9310437,0.21065386
2016-04-04,0.08868017,0.44838807,0.46293175,-0.35970792,0.45433572,-0.9528803,0.85943955
2016-04-05,0.040543146,0.56097376,0.39848313,-0.52043056,0.39859706,-0.94848543,0.246364
2016-04-06,0.10450948,0.4229784,0.47251213,-0.31846893,0.47644275,-0.92862123,0.8036768
2016-04-07,0.09069541,0.39334774,0.5159568,-0.30265233,0.43113953,-0.91368663,0.6821566
2016-04-08,0.10567192,0.51453173,0.3797964,-0.4088598,0.48511982,-0.9517301,0.70445275
2016-04-11,0.14900604,0.30118018,0.54981375,-0.15217414,0.48245716,-0.9358596,0.79093295
2016-04-12,0.115789,0.37670937,0.50750166,-0.26092032,0.4952212,-0.9596817,0.92812496
2016-04-13,0.1574874,0.4850725,0.35744014,-0.32758504,0.57897633,-0.9575696,0.9288144
2016-04-14,0.1189036,0.44276696,0.43832943,-0.32386333,0.49646574,-0.8919664,0.9060734
2016-04-15,0.14816682,0.43155938,0.42027378,-0.28339255,0.5501957,-0.91840726,0.8395498
2016-04-18,0.08680046,0.6236526,0.28954697,-0.5368521,0.41992673,-0.950022,0.85467005
2016-04-19,0.18333076,0.44810447,0.36856472,-0.26477373,0.5503775,-0.9434444,0.80306804
2016-04-20,0.078575894,0.41410038,0.50732374,-0.33552447,0.42587814,-0.96676236,0.5078075
2016-04-21,0.08569857,0.42200932,0.49229205,-0.33631077,0.45688725,-0.9470497,0.85969603
2016-04-22,0.096501924,0.48879397,0.41470405,-0.39229205,0.44342244,-0.93299836,0.6561241
2016-04-25,0.1364857,0.5956349,0.26787946,-0.4591492,0.5553276,-0.9539435,0.8018461
2016-04-26,0.1655211,0.47648895,0.3579899,-0.31096786,0.54379183,-0.92130965,0.8898213
2016-04-27,0.08186303,0.5338085,0.3843284,-0.45194557,0.4594093,-0.94986796,0.8053692
2016-04-28,0.18027075,0.3114514,0.5082779,-0.13118066,0.47686547,-0.9021355,0.83410597
2016-04-29,0.081366606,0.49074346,0.42788994,-0.40937686,0.43791866,-0.9356445,0.7078332
2016-05-02,0.09964661,0.58734864,0.31300473,-0.487702,0.4607174,-0.9414457,0.587756
2016-05-03,0.16912548,0.42928112,0.40159345,-0.2601556,0.53982884,-0.9459773,0.81779397
2016-05-04,0.09488301,0.62780154,0.27731544,-0.5329186,0.4427975,-0.95257753,0.6685146
2016-05-05,0.11801168,0.4415195,0.44046876,-0.32350788,0.48771134,-0.9444914,0.856213
2016-05-06,0.18958986,0.4002925,0.4101177,-0.21070261,0.56013125,-0.9367136,0.79022205
2016-05-09,0.074442655,0.3617965,0.5637608,-0.2873538,0.39925715,-0.95538336,0.5638111
2016-05-10,0.0679658,0.49811116,0.43392304,-0.43014535,0.37441579,-0.9206771,0.1359957
2016-05-11,0.14468491,0.38571927,0.4695958,-0.24103442,0.47713062,-0.9131129,0.93100053
2016-05-12,0.056612596,0.61498076,0.32840663,-0.55836815,0.37229088,-0.95395416,0.13062486
2016-05-13,0.107829355,0.5722429,0.31992778,-0.46441352,0.47771832,-0.9108928,0.6592895
2016-05-16,0.13662432,0.448234,0.41514164,-0.3116097,0.5294659,-0.94920176,0.8444808
2016-05-17,0.13878122,0.31557825,0.5456405,-0.17679705,0.48873687,-0.89839303,0.9029509
2016-05-18,0.16931716,0.45425284,0.37643,-0.28493574,0.5624036,-0.9460086,0.7792032
2016-05-19,0.09185321,0.56920606,0.33894065,-0.47735292,0.4913719,-0.95003515,0.44779885
2016-05-20,0.13322097,0.42857596,0.43820304,-0.295355,0.5019088,-0.9252559,0.7041527
2016-05-23,0.17768048,0.41625565,0.40606388,-0.23857519,0.54101133,-0.9204322,0.87401426
2016-05-24,0.21791054,0.46004692,0.32204255,-0.24213642,0.60363346,-0.9491883,0.9257016
2016-05-25,0.13897626,0.3623011,0.49872264,-0.22332485,0.43662158,-0.8779964,0.81548524
2016-05-26,0.10884718,0.3346436,0.55650926,-0.2257964,0.404141,-0.9113249,0.789482
2016-05-27,0.037524942,0.5979958,0.3644792,-0.5604709,0.370612,-0.94000506,0.07811415
2016-05-31,0.11493162,0.5104626,0.37460577,-0.39553106,0.48740497,-0.94753516,0.9190368
2016-06-01,0.12114893,0.5907802,0.28807092,-0.46963122,0.51333034,-0.94741106,0.8371108
2016-06-02,0.08715511,0.49049664,0.42234826,-0.40334153,0.44195887,-0.953592,0.8409313
2016-06-03,0.11910438,0.4543116,0.426584,-0.33520725,0.5074531,-0.92821926,0.79665476
2016-06-06,0.068538435,0.4624919,0.4689696,-0.3939535,0.4494403,-0.9202807,0.5740278
2016-06-07,0.11349073,0.34587958,0.5406296,-0.2323889,0.42499852,-0.82819057,0.693869
2016-06-08,0.12908709,0.5045014,0.3664115,-0.3754143,0.5367524,-0.94105667,0.895188
2016-06-09,0.12642846,0.41185287,0.46171865,-0.2854244,0.5185428,-0.93525213,0.85141623
2016-06-10,0.13708577,0.54772836,0.31518584,-0.41064265,0.5656081,-0.963905,0.92661947
2016-06-13,0.12942028,0.40029636,0.47028333,-0.27087608,0.47781822,-0.9288106,0.67272115
2016-06-14,0.111155055,0.48348954,0.40535542,-0.37233448,0.45312032,-0.9143124,0.5773982
2016-06-15,0.11904952,0.55086946,0.330081,-0.43182,0.5027474,-0.9553286,0.85140526
2016-06-16,0.13940205,0.38960662,0.4709913,-0.2502046,0.49736294,-0.94769907,0.8654763
2016-06-17,0.112893626,0.5459462,0.3411602,-0.4330525,0.51704305,-0.9417346,0.9244932
2016-06-20,0.05680827,0.6132681,0.32992372,-0.5564598,0.36560374,-0.9466208,0.24173097
2016-06-21,0.09221814,0.61536,0.29242188,-0.5231419,0.49039352,-0.939088,0.77245146
2016-06-22,0.17383903,0.4438685,0.38229245,-0.27002946,0.56314445,-0.93120134,0.84880644
2016-06-23,0.11090851,0.39208302,0.49700844,-0.2811745,0.49753925,-0.9029344,0.7296407
2016-06-24,0.14097191,0.35396382,0.5050643,-0.2129919,0.51025087,-0.95427954,0.88109183
2016-06-27,0.12824805,0.43746585,0.43428612,-0.30921778,0.4972333,-0.945639,0.85482246
2016-06-28,0.20698838,0.3684806,0.42453107,-0.16149223,0.5961263,-0.9596213,0.9105001
2016-06-29,0.13756728,0.48402536,0.37840736,-0.34645808,0.51896,-0.9446563,0.8487072
2016-06-30,0.14521036,0.3504075,0.50438213,-0.20519714,0.48638633,-0.9108327,0.8366991
2016-07-01,0.18712643,0.50165755,0.31121606,-0.31453103,0.6038303,-0.9450193,0.8986675
